period_date,store_id,region,store_tier,anomaly_profile,beginning_inv_cost,beginning_inv_retail,purchases_cost,purchases_retail,net_sales,promo_markdowns,shrinkage,ending_inv_retail,cost_to_retail_ratio,ending_inv_cost,cogs,gross_margin,gross_margin_pct,markdown_pct_sales,shrink_pct_sales,imu_pct,gmroi_monthly
2024-11-01,STORE_101,NorthEast,Flagship Tier 1,High-Turn Flagship,767029.41,1965628.89,510000.46,1293077.99,1058086.67,93330.24,15537.34,2091752.63,0.391882,819721.04,457308.83,600777.84,0.5678,0.0882,0.0147,0.6056,0.7572
2024-12-01,STORE_101,NorthEast,Flagship Tier 1,High-Turn Flagship,819721.04,2091752.63,227048.93,600886.15,1001476.92,78960.29,13411.19,1598790.38,0.388752,621533.71,425236.26,576240.66,0.5754,0.0788,0.0134,0.6221,0.7996
2025-01-01,STORE_101,NorthEast,Flagship Tier 1,High-Turn Flagship,621533.71,1598790.38,128908.09,352338.95,587231.58,53393.76,7411.04,1303092.95,0.384619,501194.57,249247.23,337984.35,0.5756,0.0909,0.0126,0.6341,0.6021
2025-02-01,STORE_101,NorthEast,Flagship Tier 1,High-Turn Flagship,501194.57,1303092.95,360591.03,978154.96,550064.58,54149.19,6469.62,1670564.52,0.377769,631088.12,230697.48,319367.1,0.5806,0.0984,0.0118,0.6314,0.5641
2025-03-01,STORE_101,NorthEast,Flagship Tier 1,High-Turn Flagship,631088.12,1670564.52,298962.9,805600.57,839285.52,77684.95,9233.68,1549960.94,0.375601,582167.46,347883.56,491401.96,0.5855,0.0926,0.011,0.6289,0.8101
2025-04-01,STORE_101,NorthEast,Flagship Tier 1,High-Turn Flagship,582167.46,1549960.94,297047.32,772034.46,828266.68,66295.95,9039.6,1418393.17,0.378646,537069.21,342145.57,486121.11,0.5869,0.08,0.0109,0.6152,0.8687
2025-05-01,STORE_101,NorthEast,Flagship Tier 1,High-Turn Flagship,537069.21,1418393.17,279288.75,768000.95,702683.18,52330.58,7396.37,1423983.99,0.373381,531688.53,284669.43,418013.75,0.5949,0.0745,0.0105,0.6363,0.7822
2025-06-01,STORE_101,NorthEast,Flagship Tier 1,High-Turn Flagship,531688.53,1423983.99,335323.2,861768.94,719228.91,71036.12,10552.89,1484935.01,0.379311,563252.51,303759.22,415469.69,0.5777,0.0988,0.0147,0.6109,0.7589
2025-07-01,STORE_101,NorthEast,Flagship Tier 1,High-Turn Flagship,563252.51,1484935.01,312380.13,795003.82,726992.11,75369.66,8152.62,1469424.44,0.38406,564346.72,311285.92,415706.19,0.5718,0.1037,0.0112,0.6071,0.7373
2025-08-01,STORE_101,NorthEast,Flagship Tier 1,High-Turn Flagship,564346.72,1469424.44,301836.47,807036.15,768326.54,68210.89,9675.2,1430247.96,0.380496,544203.03,321980.16,446346.38,0.5809,0.0888,0.0126,0.626,0.8053
2025-09-01,STORE_101,NorthEast,Flagship Tier 1,High-Turn Flagship,544203.03,1430247.96,258393.28,652732.66,695403.54,42881.76,9015.17,1335680.15,0.385311,514652.87,287943.44,407460.1,0.5859,0.0617,0.013,0.6041,0.7696
2025-10-01,STORE_101,NorthEast,Flagship Tier 1,High-Turn Flagship,514652.87,1335680.15,569312.99,1426535.54,707496.16,68630.53,9541.55,1976547.45,0.392426,775649.04,308316.82,399179.34,0.5642,0.097,0.0135,0.6009,0.6187
2025-11-01,STORE_101,NorthEast,Flagship Tier 1,High-Turn Flagship,775649.04,1976547.45,446967.67,1233058.67,1024686.88,93563.55,10755.5,2080600.19,0.380924,792551.01,430065.7,594621.18,0.5803,0.0913,0.0105,0.6375,0.7583
2025-12-01,STORE_101,NorthEast,Flagship Tier 1,High-Turn Flagship,792551.01,2080600.19,240504.15,602562.65,1004271.08,70980.9,12040.62,1595870.24,0.385014,614432.33,418622.83,585648.25,0.5832,0.0707,0.012,0.6009,0.8325
2026-01-01,STORE_101,NorthEast,Flagship Tier 1,High-Turn Flagship,614432.33,1595870.24,136328.38,350683.34,584472.24,55061.65,7787.63,1299232.06,0.385687,501097.12,249663.59,334808.65,0.5728,0.0942,0.0133,0.6112,0.6003
2026-02-01,STORE_101,NorthEast,Flagship Tier 1,High-Turn Flagship,501097.12,1299232.06,404732.37,1015630.67,606234.42,68540.51,6454.24,1633633.56,0.39131,639257.54,266571.95,339662.47,0.5603,0.1131,0.0106,0.6015,0.5957
2026-03-01,STORE_101,NorthEast,Flagship Tier 1,High-Turn Flagship,639257.54,1633633.56,414810.2,1068098.39,894109.63,83323.5,13277.09,1711021.73,0.390145,667546.91,386520.83,507588.8,0.5677,0.0932,0.0148,0.6116,0.7768
2026-04-01,STORE_101,NorthEast,Flagship Tier 1,High-Turn Flagship,667546.91,1711021.73,203457.04,564680.06,840448.92,81894.81,9234.56,1344123.5,0.382741,514450.92,356553.03,483895.89,0.5758,0.0974,0.011,0.6397,0.8188
2026-05-01,STORE_101,NorthEast,Flagship Tier 1,High-Turn Flagship,514450.92,1344123.5,329669.62,893124.35,771375.17,73767.92,11848.85,1380255.91,0.377303,520774.83,323345.71,448029.46,0.5808,0.0956,0.0154,0.6309,0.8656
2026-06-01,STORE_101,NorthEast,Flagship Tier 1,High-Turn Flagship,520774.83,1380255.91,368430.9,943820.54,747819.63,47694.94,10828.98,1517732.9,0.382606,580693.8,308511.93,439307.7,0.5875,0.0638,0.0145,0.6096,0.7977
2026-07-01,STORE_101,NorthEast,Flagship Tier 1,High-Turn Flagship,580693.8,1517732.9,342481.19,873358.76,771443.86,72977.45,8544.21,1538126.14,0.386089,593854.1,329320.89,442122.97,0.5731,0.0946,0.0111,0.6079,0.7528
2026-08-01,STORE_101,NorthEast,Flagship Tier 1,High-Turn Flagship,593854.1,1538126.14,234970.34,601233.53,756951.41,74842.1,9843.73,1297722.43,0.387417,502759.81,326064.63,430886.78,0.5692,0.0989,0.013,0.6092,0.7858
2026-09-01,STORE_101,NorthEast,Flagship Tier 1,High-Turn Flagship,502759.81,1297722.43,353649.24,902145.77,707351.12,45888.2,9222.43,1437406.45,0.3893,559582.57,296826.48,410524.64,0.5804,0.0649,0.013,0.608,0.7729
2026-10-01,STORE_101,NorthEast,Flagship Tier 1,High-Turn Flagship,559582.57,1437406.45,534028.06,1390347.32,752246.18,67370.69,8113.99,2000022.91,0.386742,773492.49,320118.14,432128.04,0.5745,0.0896,0.0108,0.6159,0.6483
2024-11-01,STORE_102,Central,Flagship Tier 1,Normal,883014.36,2104703.45,410109.64,1011064.24,828472.3,113655.44,22200.52,2151439.43,0.415026,892902.89,400221.11,428251.19,0.5169,0.1372,0.0268,0.5944,0.4823
2024-12-01,STORE_102,Central,Flagship Tier 1,Normal,892902.89,2151439.43,188344.91,478403.43,797339.05,115731.26,21894.7,1694877.85,0.411145,696841.24,384406.56,412932.49,0.5179,0.1451,0.0275,0.6063,0.5195
2025-01-01,STORE_102,Central,Flagship Tier 1,Normal,696841.24,1694877.85,113229.32,261068.39,435113.99,78786.18,5981.21,1436064.86,0.414158,594757.59,215312.97,219801.02,0.5052,0.1811,0.0137,0.5663,0.3404
2025-02-01,STORE_102,Central,Flagship Tier 1,Normal,594757.59,1436064.86,353388.94,841025.27,430206.92,99835.68,9313.86,1737733.67,0.416385,723566.51,224580.02,205626.9,0.478,0.2321,0.0216,0.5798,0.312
2025-03-01,STORE_102,Central,Flagship Tier 1,Normal,723566.51,1737733.67,304285.15,774577.44,621293.37,91475.39,9919.22,1789623.13,0.409126,732181.26,295670.4,325622.97,0.5241,0.1472,0.016,0.6072,0.4474
2025-04-01,STORE_102,Central,Flagship Tier 1,Normal,732181.26,1789623.13,196572.22,446827.18,618200.76,96232.85,8864.24,1513152.46,0.41528,628382.22,300371.26,317829.5,0.5141,0.1557,0.0143,0.5601,0.4672
2025-05-01,STORE_102,Central,Flagship Tier 1,Normal,628382.22,1513152.46,242227.77,542962.67,580764.64,79613.08,8396.59,1387340.82,0.423425,587434.41,283175.58,297589.06,0.5124,0.1371,0.0145,0.5539,0.4895
2025-06-01,STORE_102,Central,Flagship Tier 1,Normal,587434.41,1387340.82,323017.77,778950.77,531174.39,82580.95,12159.34,1540376.91,0.420281,647391.85,263060.33,268114.06,0.5048,0.1555,0.0229,0.5853,0.4343
2025-07-01,STORE_102,Central,Flagship Tier 1,Normal,647391.85,1540376.91,275661.91,672323.64,581942.79,106267.7,8673.26,1515816.8,0.417162,632340.6,290713.16,291229.63,0.5004,0.1826,0.0149,0.59,0.4551
2025-08-01,STORE_102,Central,Flagship Tier 1,Normal,632340.6,1515816.8,288638.5,646645.69,566286.33,80648.71,11540.94,1503986.51,0.425894,640538.34,280440.76,285845.57,0.5048,0.1424,0.0204,0.5536,0.4491
2025-09-01,STORE_102,Central,Flagship Tier 1,Normal,640538.34,1503986.51,298449.08,754733.13,543445.58,92719.69,14370.03,1608184.34,0.415717,668549.05,270438.37,273007.21,0.5024,0.1706,0.0264,0.6046,0.4171
2025-10-01,STORE_102,Central,Flagship Tier 1,Normal,668549.05,1608184.34,516442.33,1236679.42,556014.5,71210.52,11441.16,2206197.58,0.416537,918963.2,266028.18,289986.32,0.5215,0.1281,0.0206,0.5824,0.3653
2025-11-01,STORE_102,Central,Flagship Tier 1,Normal,918963.2,2206197.58,390917.68,901313.25,780599.04,106151.95,11112.84,2209647.0,0.421521,931412.48,378468.4,402130.64,0.5152,0.136,0.0142,0.5663,0.4346
2025-12-01,STORE_102,Central,Flagship Tier 1,Normal,931412.48,2209647.0,192205.39,501083.01,835138.35,116626.85,15092.14,1743872.67,0.414507,722848.27,400769.6,434368.75,0.5201,0.1396,0.0181,0.6164,0.5252
2026-01-01,STORE_102,Central,Flagship Tier 1,Normal,722848.27,1743872.67,112547.74,285877.23,476462.05,95150.27,9799.37,1448338.21,0.411576,596101.01,239295.0,237167.05,0.4978,0.1997,0.0206,0.6063,0.3596
2026-02-01,STORE_102,Central,Flagship Tier 1,Normal,596101.01,1448338.21,340425.77,873447.24,445300.61,87853.06,10579.58,1778052.2,0.403365,717203.87,219322.91,225977.7,0.5075,0.1973,0.0238,0.6103,0.3441
2026-03-01,STORE_102,Central,Flagship Tier 1,Normal,717203.87,1778052.2,350525.12,795957.96,664003.39,83469.04,15678.08,1810859.65,0.414811,751165.39,316563.6,347439.79,0.5233,0.1257,0.0236,0.5596,0.4732
2026-04-01,STORE_102,Central,Flagship Tier 1,Normal,751165.39,1810859.65,245748.17,568515.17,654060.72,101785.53,16038.87,1607489.7,0.418981,673508.13,323405.43,330655.29,0.5055,0.1556,0.0245,0.5677,0.4642
2026-05-01,STORE_102,Central,Flagship Tier 1,Normal,673508.13,1607489.7,232052.6,555973.03,547358.8,85918.88,8068.43,1522116.62,0.41857,637112.45,268448.28,278910.52,0.5096,0.157,0.0147,0.5826,0.4256
2026-06-01,STORE_102,Central,Flagship Tier 1,Normal,637112.45,1522116.62,351198.9,795253.77,556814.16,93519.55,11066.38,1655970.3,0.42648,706237.66,282073.69,274740.47,0.4934,0.168,0.0199,0.5584,0.409
2026-07-01,STORE_102,Central,Flagship Tier 1,Normal,706237.66,1655970.3,303447.95,711241.65,594819.27,130546.05,11121.77,1630724.86,0.426529,695552.18,314133.43,280685.84,0.4719,0.2195,0.0187,0.5734,0.4005
2026-08-01,STORE_102,Central,Flagship Tier 1,Normal,695552.18,1630724.86,216220.26,491795.1,599784.32,81709.88,10692.4,1430333.36,0.429571,614429.34,297343.1,302441.22,0.5042,0.1362,0.0178,0.5603,0.4617
2026-09-01,STORE_102,Central,Flagship Tier 1,Normal,614429.34,1430333.36,313774.49,793604.54,555733.05,79469.38,13156.96,1575578.51,0.417369,657598.4,270605.43,285127.62,0.5131,0.143,0.0237,0.6046,0.4483
2026-10-01,STORE_102,Central,Flagship Tier 1,Normal,657598.4,1575578.51,476941.48,1221477.89,553883.78,99254.81,13007.5,2130910.31,0.405619,864338.21,270201.67,283682.11,0.5122,0.1792,0.0235,0.6095,0.3728
2024-11-01,STORE_103,SouthEast,Flagship Tier 1,High-Turn Flagship,840424.36,2134911.79,477289.57,1250568.51,1028777.7,62232.93,13092.13,2281377.54,0.389225,887969.42,429744.51,599033.19,0.5823,0.0605,0.0127,0.6183,0.6932
2024-12-01,STORE_103,SouthEast,Flagship Tier 1,High-Turn Flagship,887969.42,2281377.54,239313.79,655956.15,1093260.25,105759.46,16057.55,1722256.43,0.383778,660963.64,466319.57,626940.68,0.5735,0.0967,0.0147,0.6352,0.8095
2025-01-01,STORE_103,SouthEast,Flagship Tier 1,High-Turn Flagship,660963.64,1722256.43,139339.88,351528.95,585881.59,54599.82,9370.96,1423933.01,0.385914,549516.17,250787.35,335094.24,0.5719,0.0932,0.016,0.6036,0.5537
2025-02-01,STORE_103,SouthEast,Flagship Tier 1,High-Turn Flagship,549516.17,1423933.01,365362.2,1004917.1,605242.7,58844.63,6571.8,1758190.98,0.376671,662260.26,252618.11,352624.59,0.5826,0.0972,0.0109,0.6364,0.582
2025-03-01,STORE_103,SouthEast,Flagship Tier 1,High-Turn Flagship,662260.26,1758190.98,396015.7,1014234.1,857787.34,51653.55,8843.74,1854140.45,0.381715,707753.04,350522.92,507264.42,0.5914,0.0602,0.0103,0.6095,0.7405
2025-04-01,STORE_103,SouthEast,Flagship Tier 1,High-Turn Flagship,707753.04,1854140.45,249696.46,681335.75,854522.35,78649.0,13302.16,1589002.69,0.377621,600041.06,357408.44,497113.91,0.5817,0.092,0.0156,0.6335,0.7602
2025-05-01,STORE_103,SouthEast,Flagship Tier 1,High-Turn Flagship,600041.06,1589002.69,266479.17,728175.17,688402.29,44744.05,8967.94,1575063.58,0.373955,589002.89,277517.34,410884.95,0.5969,0.065,0.013,0.634,0.6911
2025-06-01,STORE_103,SouthEast,Flagship Tier 1,High-Turn Flagship,589002.89,1575063.58,322091.71,857680.16,680543.95,46087.57,7911.02,1698201.2,0.374513,635998.74,275095.86,405448.09,0.5958,0.0677,0.0116,0.6245,0.662
2025-07-01,STORE_103,SouthEast,Flagship Tier 1,High-Turn Flagship,635998.74,1698201.2,266354.7,672050.86,725533.61,66219.83,11104.2,1567394.42,0.380699,596706.05,305647.39,419886.22,0.5787,0.0913,0.0153,0.6037,0.6812
2025-08-01,STORE_103,SouthEast,Flagship Tier 1,High-Turn Flagship,596706.05,1567394.42,308931.19,783701.86,730394.19,57220.85,10740.07,1552741.17,0.385198,598112.57,307524.67,422869.52,0.579,0.0783,0.0147,0.6058,0.7078
2025-09-01,STORE_103,SouthEast,Flagship Tier 1,High-Turn Flagship,598112.57,1552741.17,347069.36,880747.12,749422.31,62292.5,10640.79,1611132.69,0.388406,625773.92,319408.01,430014.3,0.5738,0.0831,0.0142,0.6059,0.7027
2025-10-01,STORE_103,SouthEast,Flagship Tier 1,High-Turn Flagship,625773.92,1611132.69,478019.53,1232606.92,738534.94,58319.7,7913.63,2038971.34,0.388149,791423.8,312369.65,426165.29,0.577,0.079,0.0107,0.6122,0.6014
2025-11-01,STORE_103,SouthEast,Flagship Tier 1,High-Turn Flagship,791423.8,2038971.34,482807.28,1282466.5,1036950.82,88540.22,12931.67,2183015.13,0.383638,837488.42,436742.66,600208.16,0.5788,0.0854,0.0125,0.6235,0.7369
2025-12-01,STORE_103,SouthEast,Flagship Tier 1,High-Turn Flagship,837488.42,2183015.13,238603.81,632282.29,1053803.82,80864.69,13535.9,1667093.01,0.38223,637213.61,438878.62,614925.2,0.5835,0.0767,0.0128,0.6226,0.834
2026-01-01,STORE_103,SouthEast,Flagship Tier 1,High-Turn Flagship,637213.61,1667093.01,134507.01,351428.8,585714.66,64178.51,6968.41,1361660.23,0.38232,520589.51,251131.11,334583.55,0.5712,0.1096,0.0119,0.6173,0.578
2026-02-01,STORE_103,SouthEast,Flagship Tier 1,High-Turn Flagship,520589.51,1361660.23,472520.84,1243951.61,631953.71,66596.66,9112.92,1897948.55,0.381143,723389.54,269720.81,362232.9,0.5732,0.1054,0.0144,0.6201,0.5824
2026-03-01,STORE_103,SouthEast,Flagship Tier 1,High-Turn Flagship,723389.54,1897948.55,293248.99,738443.64,840244.23,60983.27,12624.08,1722540.61,0.385617,664241.52,352397.01,487847.22,0.5806,0.0726,0.015,0.6029,0.7031
2026-04-01,STORE_103,SouthEast,Flagship Tier 1,High-Turn Flagship,664241.52,1722540.61,254905.68,688390.44,880261.27,62696.13,10567.34,1457406.31,0.381242,555623.91,363523.29,516737.98,0.587,0.0712,0.012,0.6297,0.8472
2026-05-01,STORE_103,SouthEast,Flagship Tier 1,High-Turn Flagship,555623.91,1457406.31,305581.4,773206.67,662435.66,62442.46,8103.95,1497630.91,0.386085,578212.22,282993.09,379442.57,0.5728,0.0943,0.0122,0.6048,0.6693
2026-06-01,STORE_103,SouthEast,Flagship Tier 1,High-Turn Flagship,578212.22,1497630.91,337976.09,909066.34,711637.88,71034.68,10413.13,1613611.56,0.380683,614274.21,301914.1,409723.78,0.5757,0.0998,0.0146,0.6282,0.6872
2026-07-01,STORE_103,SouthEast,Flagship Tier 1,High-Turn Flagship,614274.21,1613611.56,306099.0,778157.66,764546.92,69055.28,8604.48,1549562.54,0.384809,596284.89,324088.32,440458.6,0.5761,0.0903,0.0113,0.6066,0.7277
2026-08-01,STORE_103,SouthEast,Flagship Tier 1,High-Turn Flagship,596284.89,1549562.54,334863.72,876445.58,818440.29,67307.53,12304.77,1527955.53,0.383819,586458.74,344689.87,473750.42,0.5788,0.0822,0.015,0.6179,0.8011
2026-09-01,STORE_103,SouthEast,Flagship Tier 1,High-Turn Flagship,586458.74,1527955.53,303324.04,772282.75,754598.04,68074.71,9509.95,1468055.58,0.386822,567876.2,321906.58,432691.46,0.5734,0.0902,0.0126,0.6072,0.7497
2026-10-01,STORE_103,SouthEast,Flagship Tier 1,High-Turn Flagship,567876.2,1468055.58,582835.22,1532694.33,764311.12,52977.53,8982.46,2174478.8,0.383475,833857.42,316854.0,447457.12,0.5854,0.0693,0.0118,0.6197,0.6384
2024-11-01,STORE_104,West,Flagship Tier 1,Normal,878609.39,2144274.48,475172.13,1119797.87,880178.6,139903.46,20000.52,2223989.77,0.414752,922404.87,431376.65,448801.95,0.5099,0.1589,0.0227,0.5757,0.4984
2024-12-01,STORE_104,West,Flagship Tier 1,Normal,922404.87,2223989.77,226321.71,545794.64,909657.74,155250.13,17939.51,1686937.03,0.414735,699631.86,449094.72,460563.02,0.5063,0.1707,0.0197,0.5853,0.5679
2025-01-01,STORE_104,West,Flagship Tier 1,Normal,699631.86,1686937.03,126846.54,286560.79,477601.31,110333.76,8333.88,1377228.87,0.418789,576767.76,249710.64,227890.67,0.4772,0.231,0.0174,0.5573,0.3571
2025-02-01,STORE_104,West,Flagship Tier 1,Normal,576767.76,1377228.87,425010.34,948128.5,481191.06,104827.44,7140.93,1732197.94,0.430806,746241.41,255536.69,225654.37,0.4689,0.2178,0.0148,0.5517,0.3411
2025-03-01,STORE_104,West,Flagship Tier 1,Normal,746241.41,1732197.94,334647.08,834973.51,727873.89,100775.67,15704.34,1722817.55,0.421043,725379.55,355508.94,372364.95,0.5116,0.1385,0.0216,0.5992,0.5061
2025-04-01,STORE_104,West,Flagship Tier 1,Normal,725379.55,1722817.55,279675.79,699974.7,676432.68,106349.74,13285.2,1626724.63,0.414833,674819.84,330235.5,346197.18,0.5118,0.1572,0.0196,0.6004,0.4945
2025-05-01,STORE_104,West,Flagship Tier 1,Normal,674819.84,1626724.63,268826.59,653629.66,615262.32,105830.09,8506.41,1550755.47,0.413816,641726.98,301919.45,313342.87,0.5093,0.172,0.0138,0.5887,0.476
2025-06-01,STORE_104,West,Flagship Tier 1,Normal,641726.98,1550755.47,374312.56,879193.23,635218.42,113751.54,10552.03,1670426.71,0.418132,698459.02,317580.52,317637.9,0.5,0.1791,0.0166,0.5743,0.474
2025-07-01,STORE_104,West,Flagship Tier 1,Normal,698459.02,1670426.71,272308.36,713697.68,591337.51,134021.08,11729.3,1647036.5,0.40718,670640.05,300127.33,291210.18,0.4925,0.2266,0.0198,0.6185,0.4254
2025-08-01,STORE_104,West,Flagship Tier 1,Normal,670640.05,1647036.5,271706.53,692388.49,614470.48,76863.59,12834.68,1635256.24,0.402811,658699.52,283647.06,330823.42,0.5384,0.1251,0.0209,0.6076,0.4977
2025-09-01,STORE_104,West,Flagship Tier 1,Normal,658699.52,1635256.24,226814.07,572994.97,547234.4,67267.1,7523.66,1586226.05,0.401002,636080.13,249433.46,297800.94,0.5442,0.1229,0.0137,0.6042,0.46
2025-10-01,STORE_104,West,Flagship Tier 1,Normal,636080.13,1586226.05,488741.48,1253404.31,592347.07,99545.28,7572.22,2140165.79,0.396116,847752.85,277068.76,315278.31,0.5323,0.1681,0.0128,0.6101,0.425
2025-11-01,STORE_104,West,Flagship Tier 1,Normal,847752.85,2140165.79,467405.86,1159853.15,814917.78,130906.15,10165.05,2344029.96,0.398531,934167.8,380990.91,433926.87,0.5325,0.1606,0.0125,0.597,0.487
2025-12-01,STORE_104,West,Flagship Tier 1,Normal,934167.8,2344029.96,204075.58,483346.09,805576.82,113491.18,20665.88,1887642.17,0.402579,759925.87,378317.51,427259.31,0.5304,0.1409,0.0257,0.5778,0.5044
2026-01-01,STORE_104,West,Flagship Tier 1,Normal,759925.87,1887642.17,111139.15,282451.98,470753.3,90034.21,6287.84,1603018.8,0.401395,643443.79,227621.23,243132.07,0.5165,0.1913,0.0134,0.6065,0.3465
2026-02-01,STORE_104,West,Flagship Tier 1,Normal,643443.79,1603018.8,358195.32,893392.55,493314.87,100871.31,6999.71,1895225.46,0.401232,760424.34,241214.77,252100.1,0.511,0.2045,0.0142,0.5991,0.3592
2026-03-01,STORE_104,West,Flagship Tier 1,Normal,760424.34,1895225.46,311930.88,700498.65,709631.29,124127.23,14157.62,1747807.97,0.413124,722060.94,350294.28,359337.01,0.5064,0.1749,0.02,0.5547,0.4848
2026-04-01,STORE_104,West,Flagship Tier 1,Normal,722060.94,1747807.97,219118.48,572327.07,701033.76,103189.92,15529.75,1500381.61,0.405657,608640.56,332538.86,368494.9,0.5256,0.1472,0.0222,0.6171,0.5538
2026-05-01,STORE_104,West,Flagship Tier 1,Normal,608640.56,1500381.61,256459.83,663775.25,594086.56,81432.9,15655.34,1472982.06,0.39974,588810.07,276290.32,317796.24,0.5349,0.1371,0.0264,0.6136,0.5308
2026-06-01,STORE_104,West,Flagship Tier 1,Normal,588810.07,1472982.06,311164.79,727997.65,553804.29,86085.93,12435.69,1548653.8,0.408897,633240.5,266734.36,287069.93,0.5184,0.1554,0.0225,0.5726,0.4698
2026-07-01,STORE_104,West,Flagship Tier 1,Normal,633240.5,1548653.8,372104.97,893061.96,660144.08,141065.77,16286.8,1624219.11,0.411737,668751.6,336593.87,323550.21,0.4901,0.2137,0.0247,0.5833,0.497
2026-08-01,STORE_104,West,Flagship Tier 1,Normal,668751.6,1624219.11,268442.86,653705.43,636139.4,107430.14,16820.08,1517534.92,0.411425,624351.38,312843.08,323296.32,0.5082,0.1689,0.0264,0.5894,0.5
2026-09-01,STORE_104,West,Flagship Tier 1,Normal,624351.38,1517534.92,237180.11,619567.23,571512.78,101341.2,11546.68,1452701.49,0.403131,585628.57,275902.92,295609.86,0.5172,0.1773,0.0202,0.6172,0.4886
2026-10-01,STORE_104,West,Flagship Tier 1,Normal,585628.57,1452701.49,581676.22,1358675.32,565939.35,76268.25,7384.65,2161784.56,0.415208,897589.2,269715.59,296223.76,0.5234,0.1348,0.013,0.5719,0.3994
2024-11-01,STORE_105,NorthEast,Flagship Tier 1,High-Turn Flagship,628154.34,1596942.96,380244.53,991936.34,856967.49,75351.09,9634.13,1646926.59,0.389512,641497.23,366901.64,490065.85,0.5719,0.0879,0.0112,0.6167,0.772
2024-12-01,STORE_105,NorthEast,Flagship Tier 1,High-Turn Flagship,641497.23,1646926.59,199750.11,516582.33,860970.55,81370.83,8616.08,1212551.46,0.388835,471482.08,369765.26,491205.29,0.5705,0.0945,0.01,0.6133,0.8827
2025-01-01,STORE_105,NorthEast,Flagship Tier 1,High-Turn Flagship,471482.08,1212551.46,107173.5,281438.97,469064.95,54053.22,5423.37,965448.89,0.387322,373939.74,204715.84,264349.11,0.5636,0.1152,0.0116,0.6192,0.6254
2025-02-01,STORE_105,NorthEast,Flagship Tier 1,High-Turn Flagship,373939.74,965448.89,334944.16,901507.91,499835.91,49944.64,7788.6,1309387.65,0.3797,497174.77,211709.13,288126.78,0.5764,0.0999,0.0156,0.6285,0.6615
2025-03-01,STORE_105,NorthEast,Flagship Tier 1,High-Turn Flagship,497174.77,1309387.65,286042.98,717351.59,698713.59,45785.45,10839.1,1271401.1,0.386442,491323.15,291894.6,406818.99,0.5822,0.0655,0.0155,0.6013,0.8231
2025-04-01,STORE_105,NorthEast,Flagship Tier 1,High-Turn Flagship,491323.15,1271401.1,245360.5,613692.22,642650.39,44770.6,8621.33,1189051.0,0.390794,464674.31,272009.34,370641.05,0.5767,0.0697,0.0134,0.6002,0.7754
2025-05-01,STORE_105,NorthEast,Flagship Tier 1,High-Turn Flagship,464674.31,1189051.0,236064.15,649870.02,642498.15,42732.38,9404.65,1144285.84,0.38106,436041.07,264697.39,377800.76,0.588,0.0665,0.0146,0.6368,0.8389
2025-06-01,STORE_105,NorthEast,Flagship Tier 1,High-Turn Flagship,436041.07,1144285.84,275819.38,749445.13,626807.09,62295.84,7627.75,1197000.29,0.375904,449956.82,261903.63,364903.46,0.5822,0.0994,0.0122,0.632,0.8237
2025-07-01,STORE_105,NorthEast,Flagship Tier 1,High-Turn Flagship,449956.82,1197000.29,247601.47,641220.59,650027.16,66576.29,7739.1,1113878.33,0.379475,422688.63,274869.66,375157.5,0.5771,0.1024,0.0119,0.6139,0.8598
2025-08-01,STORE_105,NorthEast,Flagship Tier 1,High-Turn Flagship,422688.63,1113878.33,250054.74,686210.95,597231.62,53157.99,8509.68,1141189.99,0.373728,426494.4,246248.97,350982.65,0.5877,0.089,0.0142,0.6356,0.8266
2025-09-01,STORE_105,NorthEast,Flagship Tier 1,High-Turn Flagship,426494.4,1141189.99,222427.23,617289.25,598978.02,39382.05,8480.67,1111638.5,0.369024,410221.66,238699.97,360278.05,0.6015,0.0657,0.0142,0.6397,0.8612
2025-10-01,STORE_105,NorthEast,Flagship Tier 1,High-Turn Flagship,410221.66,1111638.5,416921.41,1142924.34,569428.66,56785.35,7691.75,1620657.08,0.366875,594578.8,232564.27,336864.39,0.5916,0.0997,0.0135,0.6352,0.6705
2025-11-01,STORE_105,NorthEast,Flagship Tier 1,High-Turn Flagship,594578.8,1620657.08,349659.64,936282.8,817652.32,57994.02,8424.37,1672869.17,0.369285,617764.77,326473.67,491178.65,0.6007,0.0709,0.0103,0.6265,0.8103
2025-12-01,STORE_105,NorthEast,Flagship Tier 1,High-Turn Flagship,617764.77,1672869.17,204011.84,543207.07,905345.11,75893.77,10309.78,1224527.58,0.370825,454085.52,367691.09,537654.02,0.5939,0.0838,0.0114,0.6244,1.0032
2026-01-01,STORE_105,NorthEast,Flagship Tier 1,High-Turn Flagship,454085.52,1224527.58,104177.25,288849.03,481415.05,53113.86,6910.53,971937.17,0.368886,358533.58,199729.19,281685.86,0.5851,0.1103,0.0144,0.6393,0.6933
2026-02-01,STORE_105,NorthEast,Flagship Tier 1,High-Turn Flagship,358533.58,971937.17,350166.94,883730.79,476468.44,43060.4,7040.38,1329098.74,0.381911,507597.8,201102.72,275365.72,0.5779,0.0904,0.0148,0.6038,0.6359
2026-03-01,STORE_105,NorthEast,Flagship Tier 1,High-Turn Flagship,507597.8,1329098.74,299589.36,764222.86,701740.38,61264.23,7646.34,1322670.65,0.385601,510023.29,297163.87,404576.51,0.5765,0.0873,0.0109,0.608,0.7951
2026-04-01,STORE_105,NorthEast,Flagship Tier 1,High-Turn Flagship,510023.29,1322670.65,252788.88,656871.07,715427.84,48996.72,9170.93,1205946.23,0.385348,464708.8,298103.37,417324.47,0.5833,0.0685,0.0128,0.6152,0.8563
2026-05-01,STORE_105,NorthEast,Flagship Tier 1,High-Turn Flagship,464708.8,1205946.23,209400.01,575526.05,615765.23,54954.24,9050.37,1101702.44,0.3784,416884.02,257224.79,358540.44,0.5823,0.0892,0.0147,0.6362,0.8134
2026-06-01,STORE_105,NorthEast,Flagship Tier 1,High-Turn Flagship,416884.02,1101702.44,251017.73,695665.62,596061.35,38144.65,6691.61,1156470.45,0.3716,429744.28,238157.47,357903.88,0.6004,0.064,0.0112,0.6392,0.8455
2026-07-01,STORE_105,NorthEast,Flagship Tier 1,High-Turn Flagship,429744.28,1156470.45,292507.96,776376.55,650692.95,75888.45,8047.63,1198217.97,0.373673,447741.4,274510.84,376182.11,0.5781,0.1166,0.0124,0.6232,0.8574
2026-08-01,STORE_105,NorthEast,Flagship Tier 1,High-Turn Flagship,447741.4,1198217.97,234155.69,609406.35,637973.12,62148.31,8169.78,1099333.11,0.377234,414705.67,267191.42,370781.7,0.5812,0.0974,0.0128,0.6158,0.8598
2026-09-01,STORE_105,NorthEast,Flagship Tier 1,High-Turn Flagship,414705.67,1099333.11,274359.67,692752.19,582318.39,50884.43,7009.29,1151873.19,0.384505,442900.73,246164.61,336153.78,0.5773,0.0874,0.012,0.604,0.7839
2026-10-01,STORE_105,NorthEast,Flagship Tier 1,High-Turn Flagship,442900.73,1151873.19,410581.59,1076897.65,607818.44,43230.8,6815.18,1570906.42,0.382939,601560.66,251921.66,355896.78,0.5855,0.0711,0.0112,0.6187,0.6815
2024-11-01,STORE_106,Central,Flagship Tier 1,Normal,974263.18,2424704.81,471076.54,1097144.93,932155.53,148353.63,18576.09,2422764.49,0.410392,994283.69,451056.03,481099.5,0.5161,0.1592,0.0199,0.5706,0.4888
2024-12-01,STORE_106,Central,Flagship Tier 1,Normal,994283.69,2422764.49,261778.71,588303.18,980505.3,170704.51,27212.06,1832645.8,0.417149,764485.47,491576.93,488928.37,0.4986,0.1741,0.0278,0.555,0.556
2025-01-01,STORE_106,Central,Flagship Tier 1,Normal,764485.47,1832645.8,130106.12,315765.11,526275.19,112188.13,7131.9,1502815.69,0.416397,625767.76,268823.83,257451.36,0.4892,0.2132,0.0136,0.588,0.3704
2025-02-01,STORE_106,Central,Flagship Tier 1,Normal,625767.76,1502815.69,517548.76,1205626.94,508626.24,96445.06,13036.56,2090334.77,0.422131,882394.28,260922.24,247704.0,0.487,0.1896,0.0256,0.5707,0.3285
2025-03-01,STORE_106,Central,Flagship Tier 1,Normal,882394.28,2090334.77,404736.36,916617.77,763546.23,126443.94,18598.19,2098364.18,0.428052,898208.0,388922.64,374623.59,0.4906,0.1656,0.0244,0.5584,0.4208
2025-04-01,STORE_106,Central,Flagship Tier 1,Normal,898208.0,2098364.18,186348.03,445265.58,742109.3,100832.16,18956.19,1681732.11,0.426381,717059.03,367497.0,374612.3,0.5048,0.1359,0.0255,0.5815,0.4638
2025-05-01,STORE_106,Central,Flagship Tier 1,Normal,717059.03,1681732.11,351725.15,813027.64,651435.47,111447.63,16932.89,1714943.76,0.428412,734701.91,334082.27,317353.2,0.4872,0.1711,0.026,0.5674,0.4372
2025-06-01,STORE_106,Central,Flagship Tier 1,Normal,734701.91,1714943.76,369630.67,889267.52,626635.93,110539.29,16422.76,1850613.3,0.424056,784764.5,319568.08,307067.85,0.49,0.1764,0.0262,0.5843,0.4042
2025-07-01,STORE_106,Central,Flagship Tier 1,Normal,784764.5,1850613.3,353261.38,848660.0,687733.96,141723.94,9702.6,1860112.8,0.421605,784232.0,353793.88,333940.08,0.4856,0.2061,0.0141,0.5837,0.4257
2025-08-01,STORE_106,Central,Flagship Tier 1,Normal,784232.0,1860112.8,255458.93,578388.94,702173.1,107618.56,10759.73,1617950.35,0.426365,689836.83,349854.1,352319.0,0.5018,0.1533,0.0153,0.5583,0.478
2025-09-01,STORE_106,Central,Flagship Tier 1,Normal,689836.83,1617950.35,398159.88,911343.58,685140.93,107216.16,13319.29,1723617.55,0.430158,741428.35,346568.36,338572.57,0.4942,0.1565,0.0194,0.5631,0.4731
2025-10-01,STORE_106,Central,Flagship Tier 1,Normal,741428.35,1723617.55,661492.44,1552424.16,678809.87,111662.1,13236.89,2472332.85,0.428237,1058743.28,344177.51,334632.36,0.493,0.1645,0.0195,0.5739,0.3718
2025-11-01,STORE_106,Central,Flagship Tier 1,Normal,1058743.28,2472332.85,573695.37,1318345.39,912134.79,152935.29,20033.53,2705574.63,0.430646,1165143.63,467295.02,444839.77,0.4877,0.1677,0.022,0.5648,0.4001
2025-12-01,STORE_106,Central,Flagship Tier 1,Normal,1165143.63,2705574.63,257972.28,578860.19,964766.98,152761.99,11612.84,2155293.01,0.433291,933868.97,489246.94,475520.04,0.4929,0.1583,0.012,0.5543,0.4531
2026-01-01,STORE_106,Central,Flagship Tier 1,Normal,933868.97,2155293.01,132439.61,309685.05,516141.75,97622.85,11415.26,1839798.2,0.432583,795866.15,270442.43,245699.32,0.476,0.1891,0.0221,0.5723,0.2841
2026-02-01,STORE_106,Central,Flagship Tier 1,Normal,795866.15,1839798.2,406583.25,954398.27,539844.6,118548.3,11658.01,2124145.56,0.430338,914100.92,288348.48,251496.12,0.4659,0.2196,0.0216,0.574,0.2942
2026-03-01,STORE_106,Central,Flagship Tier 1,Normal,914100.92,2124145.56,354390.14,891487.66,764974.18,130627.34,9672.38,2110359.32,0.420638,887698.12,380792.94,384181.24,0.5022,0.1708,0.0126,0.6025,0.4264
2026-04-01,STORE_106,Central,Flagship Tier 1,Normal,887698.12,2110359.32,224161.03,562788.44,767728.66,122529.3,12928.31,1769961.49,0.415936,736191.21,375667.94,392060.72,0.5107,0.1596,0.0168,0.6017,0.4829
2026-05-01,STORE_106,Central,Flagship Tier 1,Normal,736191.21,1769961.49,311746.39,770305.32,647632.44,105685.16,13045.23,1773903.98,0.412531,731789.54,316148.06,331484.38,0.5118,0.1632,0.0201,0.5953,0.4516
2026-06-01,STORE_106,Central,Flagship Tier 1,Normal,731789.54,1773903.98,308239.63,762754.6,629781.49,92201.9,8825.07,1805850.12,0.41,740397.95,299631.22,330150.27,0.5242,0.1464,0.014,0.5959,0.4485
2026-07-01,STORE_106,Central,Flagship Tier 1,Normal,740397.95,1805850.12,410711.32,949111.62,692240.66,138166.26,10497.8,1914057.02,0.417831,799752.95,351356.32,340884.34,0.4924,0.1996,0.0152,0.5673,0.4427
2026-08-01,STORE_106,Central,Flagship Tier 1,Normal,799752.95,1914057.02,234355.14,606702.11,685724.59,93607.68,9749.96,1731676.9,0.410237,710397.54,323710.55,362014.04,0.5279,0.1365,0.0142,0.6137,0.4794
2026-09-01,STORE_106,Central,Flagship Tier 1,Normal,710397.54,1731676.9,299151.32,736433.16,642139.51,104080.2,17496.22,1704394.13,0.409037,697160.62,312388.24,329751.27,0.5135,0.1621,0.0272,0.5938,0.4685
2026-10-01,STORE_106,Central,Flagship Tier 1,Normal,697160.62,1704394.13,538349.4,1384848.45,659261.61,94920.86,15141.16,2319918.95,0.399939,927827.14,307682.88,351578.73,0.5333,0.144,0.023,0.6113,0.4327
2024-11-01,STORE_107,SouthEast,Flagship Tier 1,High-Turn Flagship,837461.41,2076428.08,508640.14,1315554.52,1070155.79,78002.19,14198.07,2229626.55,0.396848,884822.87,461278.68,608877.11,0.569,0.0729,0.0133,0.6134,0.7071
2024-12-01,STORE_107,SouthEast,Flagship Tier 1,High-Turn Flagship,884822.87,2229626.55,226017.55,611828.38,1019713.96,98866.35,15356.83,1707517.79,0.390941,667538.22,443302.2,576411.76,0.5653,0.097,0.0151,0.6306,0.7426
2025-01-01,STORE_107,SouthEast,Flagship Tier 1,High-Turn Flagship,667538.22,1707517.79,144630.87,371145.62,618576.04,64142.36,7077.35,1388867.66,0.390717,542654.18,269514.91,349061.13,0.5643,0.1037,0.0114,0.6103,0.5769
2025-02-01,STORE_107,SouthEast,Flagship Tier 1,High-Turn Flagship,542654.18,1388867.66,382120.54,956019.04,570626.94,55102.99,8500.25,1710656.52,0.394379,674647.48,250127.24,320499.7,0.5617,0.0966,0.0149,0.6003,0.5266
2025-03-01,STORE_107,SouthEast,Flagship Tier 1,High-Turn Flagship,674647.48,1710656.52,352051.98,915853.99,843178.3,78893.63,9131.6,1695306.98,0.390899,662693.24,364006.22,479172.08,0.5683,0.0936,0.0108,0.6156,0.7166
2025-04-01,STORE_107,SouthEast,Flagship Tier 1,High-Turn Flagship,662693.24,1695306.98,276398.71,766141.57,833660.49,55153.76,10451.44,1562182.86,0.38152,596004.07,343087.88,490572.61,0.5885,0.0662,0.0125,0.6392,0.7795
2025-05-01,STORE_107,SouthEast,Flagship Tier 1,High-Turn Flagship,596004.07,1562182.86,295961.69,748273.27,685826.66,62841.97,7971.91,1553815.59,0.386056,599860.04,292105.72,393720.94,0.5741,0.0916,0.0116,0.6045,0.6585
2025-06-01,STORE_107,SouthEast,Flagship Tier 1,High-Turn Flagship,599860.04,1553815.59,316277.58,845905.04,746009.08,57397.8,9931.7,1586382.05,0.381768,605630.61,310507.01,435502.07,0.5838,0.0769,0.0133,0.6261,0.7225
2025-07-01,STORE_107,SouthEast,Flagship Tier 1,High-Turn Flagship,605630.61,1586382.05,330741.33,866832.4,797073.56,74013.04,11451.6,1570676.25,0.381692,599514.31,336857.63,460215.93,0.5774,0.0929,0.0144,0.6184,0.7638
2025-08-01,STORE_107,SouthEast,Flagship Tier 1,High-Turn Flagship,599514.31,1570676.25,304975.43,830654.48,758562.05,65911.89,9193.79,1567663.0,0.376662,590478.89,314010.85,444551.2,0.586,0.0869,0.0121,0.6328,0.7471
2025-09-01,STORE_107,SouthEast,Flagship Tier 1,High-Turn Flagship,590478.89,1567663.0,305282.59,774350.05,725618.68,65271.45,10745.21,1540377.71,0.382475,589155.99,306605.49,419013.19,0.5775,0.09,0.0148,0.6058,0.7104
2025-10-01,STORE_107,SouthEast,Flagship Tier 1,High-Turn Flagship,589155.99,1540377.71,481494.45,1203798.57,758803.72,50188.05,10018.52,1925165.99,0.390154,751110.57,319539.87,439263.85,0.5789,0.0661,0.0132,0.6,0.6555
2025-11-01,STORE_107,SouthEast,Flagship Tier 1,High-Turn Flagship,751110.57,1925165.99,526648.53,1336245.92,996741.86,61193.51,13868.21,2189608.33,0.391781,857846.86,419912.24,576829.62,0.5787,0.0614,0.0139,0.6059,0.717
2025-12-01,STORE_107,SouthEast,Flagship Tier 1,High-Turn Flagship,857846.86,2189608.33,236716.23,638930.74,1064884.57,86849.51,15882.97,1660922.02,0.386971,642728.95,451834.14,613050.43,0.5757,0.0816,0.0149,0.6295,0.8171
2026-01-01,STORE_107,SouthEast,Flagship Tier 1,High-Turn Flagship,642728.95,1660922.02,132479.77,338621.65,564369.41,59329.54,8184.26,1367660.46,0.387693,530232.14,244976.58,319392.83,0.5659,0.1051,0.0145,0.6088,0.5446
2026-02-01,STORE_107,SouthEast,Flagship Tier 1,High-Turn Flagship,530232.14,1367660.46,336392.65,916412.21,562602.92,52641.24,5916.27,1662912.24,0.379421,630943.57,235681.22,326921.7,0.5811,0.0936,0.0105,0.6329,0.5631
2026-03-01,STORE_107,SouthEast,Flagship Tier 1,High-Turn Flagship,630943.57,1662912.24,358797.12,983014.89,857536.72,56158.75,11937.97,1720293.69,0.374062,643496.43,346244.26,511292.46,0.5962,0.0655,0.0139,0.635,0.8024
2026-04-01,STORE_107,SouthEast,Flagship Tier 1,High-Turn Flagship,643496.43,1720293.69,225271.59,607838.4,795282.76,53834.3,9006.41,1470008.62,0.373161,548549.84,320218.18,475064.58,0.5974,0.0677,0.0113,0.6294,0.7971
2026-05-01,STORE_107,SouthEast,Flagship Tier 1,High-Turn Flagship,548549.84,1470008.62,250876.86,667336.32,699515.26,65154.16,9977.32,1362698.2,0.374028,509687.18,289739.52,409775.74,0.5858,0.0931,0.0143,0.6241,0.7744
2026-06-01,STORE_107,SouthEast,Flagship Tier 1,High-Turn Flagship,509687.18,1362698.2,387828.24,1008432.52,710195.83,54504.86,10331.55,1596098.48,0.378518,604151.84,293363.58,416832.25,0.5869,0.0767,0.0145,0.6154,0.7485
2026-07-01,STORE_107,SouthEast,Flagship Tier 1,High-Turn Flagship,604151.84,1596098.48,296415.57,741118.04,748034.23,74386.39,10012.12,1504783.78,0.385316,579817.58,320749.83,427284.4,0.5712,0.0994,0.0134,0.6,0.7218
2026-08-01,STORE_107,SouthEast,Flagship Tier 1,High-Turn Flagship,579817.58,1504783.78,312720.06,820881.66,730060.89,62676.92,8053.86,1524873.77,0.383777,585211.96,307325.68,422735.21,0.579,0.0859,0.011,0.619,0.7257
2026-09-01,STORE_107,SouthEast,Flagship Tier 1,High-Turn Flagship,585211.96,1524873.77,299096.47,764099.96,754040.97,51732.59,10190.58,1473009.59,0.386334,569073.72,315234.71,438806.26,0.5819,0.0686,0.0135,0.6086,0.7603
2026-10-01,STORE_107,SouthEast,Flagship Tier 1,High-Turn Flagship,569073.72,1473009.59,523141.88,1351145.01,664396.31,51098.3,7346.12,2101313.87,0.386741,812663.65,279551.95,384844.36,0.5792,0.0769,0.0111,0.6128,0.557
2024-11-01,STORE_108,West,Flagship Tier 1,Normal,951089.21,2364653.5,599601.6,1353466.35,864558.06,135414.95,13215.85,2704930.99,0.417063,1128127.07,422563.74,441994.32,0.5112,0.1566,0.0153,0.557,0.4252
2024-12-01,STORE_108,West,Flagship Tier 1,Normal,1128127.07,2704930.99,196022.63,499276.49,832127.49,130788.94,11609.43,2229681.62,0.413253,921423.56,402726.14,429401.35,0.516,0.1572,0.014,0.6074,0.419
2025-01-01,STORE_108,West,Flagship Tier 1,Normal,921423.56,2229681.62,123643.95,301850.57,503084.28,91888.6,9266.93,1927292.38,0.41282,795625.14,249442.37,253641.91,0.5042,0.1827,0.0184,0.5904,0.2954
2025-02-01,STORE_108,West,Flagship Tier 1,Normal,795625.14,1927292.38,324808.98,767237.4,490203.03,117020.31,9793.39,2077513.05,0.415818,863867.43,256566.69,233636.34,0.4766,0.2387,0.02,0.5767,0.2816
2025-03-01,STORE_108,West,Flagship Tier 1,Normal,863867.43,2077513.05,235875.42,605787.54,700804.29,89480.9,12009.94,1881005.46,0.409847,770924.55,328818.3,371985.99,0.5308,0.1277,0.0171,0.6106,0.4551
2025-04-01,STORE_108,West,Flagship Tier 1,Normal,770924.55,1881005.46,301394.05,783441.12,760312.39,109880.47,14373.18,1779880.54,0.402455,716320.99,355997.61,404314.78,0.5318,0.1445,0.0189,0.6153,0.5437
2025-05-01,STORE_108,West,Flagship Tier 1,Normal,716320.99,1779880.54,250037.04,608078.47,579846.84,85273.89,12227.2,1710611.08,0.404679,692249.22,274108.81,305738.03,0.5273,0.1471,0.0211,0.5888,0.4341
2025-06-01,STORE_108,West,Flagship Tier 1,Normal,692249.22,1710611.08,331201.96,783421.87,618882.9,88324.22,8363.73,1778462.1,0.41036,729809.58,293641.6,325241.3,0.5255,0.1427,0.0135,0.5772,0.4574
2025-07-01,STORE_108,West,Flagship Tier 1,Normal,729809.58,1778462.1,359877.5,881658.57,625300.13,140900.36,10079.06,1883841.12,0.409638,771693.31,317993.77,307306.36,0.4915,0.2253,0.0161,0.5918,0.4093
2025-08-01,STORE_108,West,Flagship Tier 1,Normal,771693.31,1883841.12,310054.95,689506.39,680528.16,120270.55,12439.89,1760108.91,0.420366,739890.26,341858.0,338670.16,0.4977,0.1767,0.0183,0.5503,0.4481
2025-09-01,STORE_108,West,Flagship Tier 1,Normal,739890.26,1760108.91,309423.57,745148.68,619700.5,95285.2,7699.48,1782572.41,0.418845,746620.98,302692.85,317007.65,0.5115,0.1538,0.0124,0.5847,0.4265
2025-10-01,STORE_108,West,Flagship Tier 1,Normal,746620.98,1782572.41,568610.73,1385353.35,613060.06,102503.02,10600.7,2441761.98,0.415171,1013749.38,301482.33,311577.73,0.5082,0.1672,0.0173,0.5896,0.354
2025-11-01,STORE_108,West,Flagship Tier 1,Normal,1013749.38,2441761.98,453984.28,1186733.73,838772.02,139650.91,16729.68,2633343.1,0.404502,1065192.47,402541.19,436230.83,0.5201,0.1665,0.0199,0.6175,0.4197
2025-12-01,STORE_108,West,Flagship Tier 1,Normal,1065192.47,2633343.1,213993.68,544191.11,906985.19,141178.01,23627.29,2105743.72,0.402572,847713.36,431472.79,475512.4,0.5243,0.1557,0.0261,0.6068,0.4972
2026-01-01,STORE_108,West,Flagship Tier 1,Normal,847713.36,2105743.72,122888.05,292057.49,486762.48,116301.51,10570.23,1784166.99,0.404788,722209.58,248391.83,238370.65,0.4897,0.2389,0.0217,0.5792,0.3037
2026-02-01,STORE_108,West,Flagship Tier 1,Normal,722209.58,1784166.99,391131.42,872433.99,493161.2,113556.78,8161.99,2041721.01,0.419085,855654.17,257686.83,235474.37,0.4775,0.2303,0.0166,0.5517,0.2985
2026-03-01,STORE_108,West,Flagship Tier 1,Normal,855654.17,2041721.01,302307.05,743335.41,689493.57,111289.51,10076.44,1974196.9,0.415777,820824.83,337136.39,352357.18,0.511,0.1614,0.0146,0.5933,0.4204
2026-04-01,STORE_108,West,Flagship Tier 1,Normal,820824.83,1974196.9,197527.06,463776.39,727422.97,110084.59,11223.57,1589242.16,0.417704,663833.26,354518.63,372904.34,0.5126,0.1513,0.0154,0.5741,0.5023
2026-05-01,STORE_108,West,Flagship Tier 1,Normal,663833.26,1589242.16,324718.63,802997.45,609453.9,87943.98,15201.92,1679639.81,0.413233,694082.27,294469.62,314984.28,0.5168,0.1443,0.0249,0.5956,0.4639
2026-06-01,STORE_108,West,Flagship Tier 1,Normal,694082.27,1679639.81,298260.52,783963.63,627810.72,91498.12,11863.88,1732430.72,0.402801,697825.43,294517.36,333293.36,0.5309,0.1457,0.0189,0.6195,0.4789
2026-07-01,STORE_108,West,Flagship Tier 1,Normal,697825.43,1732430.72,317874.8,826746.55,667684.38,148458.17,11235.95,1731798.77,0.396885,687325.74,328374.49,339309.89,0.5082,0.2223,0.0168,0.6155,0.4899
2026-08-01,STORE_108,West,Flagship Tier 1,Normal,687325.74,1731798.77,335836.22,818556.46,663685.12,112881.2,9618.21,1764170.7,0.401184,707757.23,315404.73,348280.39,0.5248,0.1701,0.0145,0.5897,0.4993
2026-09-01,STORE_108,West,Flagship Tier 1,Normal,707757.23,1764170.7,232327.36,540325.48,601688.23,74481.2,16546.45,1611780.3,0.407935,657501.56,282583.03,319105.2,0.5303,0.1238,0.0275,0.57,0.4675
2026-10-01,STORE_108,West,Flagship Tier 1,Normal,657501.56,1611780.3,687834.15,1758945.41,661794.54,113853.93,15436.69,2579640.55,0.399123,1029595.06,315740.65,346053.89,0.5229,0.172,0.0233,0.609,0.4102
2024-11-01,STORE_109,NorthEast,Flagship Tier 1,High-Turn Flagship,719697.15,1827532.83,458701.99,1204946.46,886470.65,72459.95,13645.91,2059902.78,0.388593,800463.07,377936.07,508534.58,0.5737,0.0817,0.0154,0.6193,0.6691
2024-12-01,STORE_109,NorthEast,Flagship Tier 1,High-Turn Flagship,800463.07,2059902.78,195606.8,530379.72,883966.2,65823.62,10916.13,1629576.55,0.384541,626639.03,369430.84,514535.36,0.5821,0.0745,0.0123,0.6312,0.7211
2025-01-01,STORE_109,NorthEast,Flagship Tier 1,High-Turn Flagship,626639.03,1629576.55,101751.24,281882.39,469803.99,50911.08,4797.19,1385946.68,0.381065,528135.89,200254.38,269549.61,0.5737,0.1084,0.0102,0.639,0.4668
2025-02-01,STORE_109,NorthEast,Flagship Tier 1,High-Turn Flagship,528135.89,1385946.68,234917.68,596455.88,471070.22,55626.47,7472.66,1448233.21,0.384914,557444.56,205609.01,265461.21,0.5635,0.1181,0.0159,0.6061,0.4891
2025-03-01,STORE_109,NorthEast,Flagship Tier 1,High-Turn Flagship,557444.56,1448233.21,335128.48,855082.52,680838.85,56334.51,10535.77,1555606.6,0.387517,602823.35,289749.69,391089.16,0.5744,0.0827,0.0155,0.6081,0.6741
2025-04-01,STORE_109,NorthEast,Flagship Tier 1,High-Turn Flagship,602823.35,1555606.6,205200.82,524860.16,759971.34,71867.05,11926.27,1236702.1,0.388386,480317.79,327706.38,432264.96,0.5688,0.0946,0.0157,0.609,0.7982
2025-05-01,STORE_109,NorthEast,Flagship Tier 1,High-Turn Flagship,480317.79,1236702.1,271186.43,700431.3,613958.33,46128.16,8978.92,1268067.99,0.387947,491942.6,259561.62,354396.71,0.5772,0.0751,0.0146,0.6128,0.729
2025-06-01,STORE_109,NorthEast,Flagship Tier 1,High-Turn Flagship,491942.6,1268067.99,260458.01,718439.03,591900.06,45807.38,6731.01,1342068.57,0.378756,508315.95,244084.66,347815.4,0.5876,0.0774,0.0114,0.6375,0.6955
2025-07-01,STORE_109,NorthEast,Flagship Tier 1,High-Turn Flagship,508315.95,1342068.57,250559.95,695599.12,603786.13,63354.94,7920.04,1362606.58,0.372424,507467.09,251408.81,352377.32,0.5836,0.1049,0.0131,0.6398,0.6938
2025-08-01,STORE_109,NorthEast,Flagship Tier 1,High-Turn Flagship,507467.09,1362606.58,233499.23,623503.21,650064.19,49970.85,6761.29,1279313.46,0.373074,477278.84,263687.48,386376.71,0.5944,0.0769,0.0104,0.6255,0.7847
2025-09-01,STORE_109,NorthEast,Flagship Tier 1,High-Turn Flagship,477278.84,1279313.46,235538.37,641599.08,617256.48,48615.25,9493.73,1245547.08,0.371083,462200.84,250616.37,366640.11,0.594,0.0788,0.0154,0.6329,0.7805
2025-10-01,STORE_109,NorthEast,Flagship Tier 1,High-Turn Flagship,462200.84,1245547.08,518242.97,1342274.77,600625.32,46324.31,8305.22,1932567.0,0.378868,732188.48,248255.33,352369.99,0.5867,0.0771,0.0138,0.6139,0.59
2025-11-01,STORE_109,NorthEast,Flagship Tier 1,High-Turn Flagship,732188.48,1932567.0,393924.57,1037272.76,885928.23,87196.14,10830.89,1985884.5,0.379183,753013.84,373099.21,512829.02,0.5789,0.0984,0.0122,0.6202,0.6906
2025-12-01,STORE_109,NorthEast,Flagship Tier 1,High-Turn Flagship,753013.84,1985884.5,196756.54,524786.27,874643.79,60017.89,12657.17,1563351.92,0.378293,591405.84,358364.54,516279.25,0.5903,0.0686,0.0145,0.6251,0.768
2026-01-01,STORE_109,NorthEast,Flagship Tier 1,High-Turn Flagship,591405.84,1563351.92,113765.71,290149.58,483582.63,47476.98,5157.09,1317284.8,0.380454,501165.91,204005.64,279576.99,0.5781,0.0982,0.0107,0.6079,0.5118
2026-02-01,STORE_109,NorthEast,Flagship Tier 1,High-Turn Flagship,501165.91,1317284.8,280044.22,726081.21,482932.98,56254.34,7033.09,1497145.6,0.382315,572381.7,208828.43,274104.55,0.5676,0.1165,0.0146,0.6143,0.5107
2026-03-01,STORE_109,NorthEast,Flagship Tier 1,High-Turn Flagship,572381.7,1497145.6,293804.46,790224.19,711396.73,50464.48,8430.05,1517078.53,0.378682,574490.59,291695.57,419701.16,0.59,0.0709,0.0118,0.6282,0.7319
2026-04-01,STORE_109,NorthEast,Flagship Tier 1,High-Turn Flagship,574490.59,1517078.53,204113.81,555899.24,670678.84,61225.23,9716.76,1331356.94,0.375597,500053.78,278550.62,392128.22,0.5847,0.0913,0.0145,0.6328,0.7299
2026-05-01,STORE_109,NorthEast,Flagship Tier 1,High-Turn Flagship,500053.78,1331356.94,217565.78,588128.83,610176.11,40914.88,7813.25,1260581.53,0.37386,471281.41,246338.15,363837.96,0.5963,0.0671,0.0128,0.6301,0.7492
2026-06-01,STORE_109,NorthEast,Flagship Tier 1,High-Turn Flagship,471281.41,1260581.53,279957.75,716810.91,593663.83,38728.02,7499.71,1337500.88,0.379914,508135.37,243103.79,350560.04,0.5905,0.0652,0.0126,0.6094,0.7159
2026-07-01,STORE_109,NorthEast,Flagship Tier 1,High-Turn Flagship,508135.37,1337500.88,312746.76,832971.05,626796.82,65774.78,8686.14,1469214.19,0.378204,555663.34,265218.79,361578.03,0.5769,0.1049,0.0139,0.6245,0.6798
2026-08-01,STORE_109,NorthEast,Flagship Tier 1,High-Turn Flagship,555663.34,1469214.19,167307.3,439228.26,640958.8,58749.04,8182.22,1200552.39,0.378828,454802.36,268168.28,372790.52,0.5816,0.0917,0.0128,0.6191,0.7379
2026-09-01,STORE_109,NorthEast,Flagship Tier 1,High-Turn Flagship,454802.36,1200552.39,295467.33,755684.65,609617.19,50431.61,8115.82,1288072.42,0.383527,494010.53,256259.16,353358.03,0.5796,0.0827,0.0133,0.609,0.7448
2026-10-01,STORE_109,NorthEast,Flagship Tier 1,High-Turn Flagship,494010.53,1288072.42,476759.96,1241777.32,584818.99,58360.82,8911.16,1877758.77,0.383727,720545.88,250224.61,334594.38,0.5721,0.0998,0.0152,0.6161,0.551
2024-11-01,STORE_110,Central,Flagship Tier 1,Normal,888469.52,2094202.44,403431.41,904668.68,775521.25,118980.55,12982.84,2091386.48,0.430796,900960.41,390940.52,384580.73,0.4959,0.1534,0.0167,0.5541,0.4298
2024-12-01,STORE_110,Central,Flagship Tier 1,Normal,900960.41,2091386.48,200415.23,509753.8,849589.66,144470.39,19456.68,1587623.55,0.42342,672232.07,429143.57,420446.09,0.4949,0.17,0.0229,0.6068,0.5345
2025-01-01,STORE_110,Central,Flagship Tier 1,Normal,672232.07,1587623.55,112362.16,260903.56,434839.26,81925.16,9933.18,1321829.51,0.424443,561041.17,223553.06,211286.2,0.4859,0.1884,0.0228,0.5693,0.3426
2025-02-01,STORE_110,Central,Flagship Tier 1,Normal,561041.17,1321829.51,406259.7,1025984.64,457808.9,94215.89,8661.86,1787127.5,0.412001,736297.63,231003.24,226805.66,0.4954,0.2058,0.0189,0.604,0.3496
2025-03-01,STORE_110,Central,Flagship Tier 1,Normal,736297.63,1787127.5,346774.41,775270.21,622207.98,82619.57,7509.36,1850060.8,0.422679,781982.09,301089.95,321118.03,0.5161,0.1328,0.0121,0.5527,0.423
2025-04-01,STORE_110,Central,Flagship Tier 1,Normal,781982.09,1850060.8,182232.02,429800.63,642873.78,108386.23,8630.37,1519971.05,0.422927,642836.23,321377.88,321495.9,0.5001,0.1686,0.0134,0.576,0.4513
2025-05-01,STORE_110,Central,Flagship Tier 1,Normal,642836.23,1519971.05,262803.12,654273.15,526673.95,76158.59,10360.03,1561051.63,0.416531,650225.85,255413.5,271260.45,0.515,0.1446,0.0197,0.5983,0.4196
2025-06-01,STORE_110,Central,Flagship Tier 1,Normal,650225.85,1561051.63,281386.06,708460.01,585918.71,84490.22,15687.12,1583415.59,0.41049,649976.32,281635.59,304283.12,0.5193,0.1442,0.0268,0.6028,0.4681
2025-07-01,STORE_110,Central,Flagship Tier 1,Normal,649976.32,1583415.59,262698.13,666280.18,592622.59,113803.54,8869.19,1534400.45,0.405688,622487.76,290186.69,302435.9,0.5103,0.192,0.015,0.6057,0.4754
2025-08-01,STORE_110,Central,Flagship Tier 1,Normal,622487.76,1534400.45,214911.37,559761.08,591119.97,80369.77,9686.18,1412985.61,0.399873,565015.12,272384.01,318735.96,0.5392,0.136,0.0164,0.6161,0.5368
2025-09-01,STORE_110,Central,Flagship Tier 1,Normal,565015.12,1412985.61,280693.61,692638.86,600482.01,102562.49,11041.14,1391538.83,0.401643,558901.43,286807.3,313674.71,0.5224,0.1708,0.0184,0.5947,0.5582
2025-10-01,STORE_110,Central,Flagship Tier 1,Normal,558901.43,1391538.83,643275.62,1440827.94,589233.65,103141.66,15093.78,2124897.68,0.424443,901897.05,300280.0,288953.65,0.4904,0.175,0.0256,0.5535,0.3956
2025-11-01,STORE_110,Central,Flagship Tier 1,Normal,901897.05,2124897.68,388550.67,1011049.76,784330.8,123245.81,18949.02,2209421.81,0.411502,909180.84,381266.88,403063.92,0.5139,0.1571,0.0242,0.6157,0.4451
2025-12-01,STORE_110,Central,Flagship Tier 1,Normal,909180.84,2209421.81,206958.64,520591.34,867652.24,149757.37,17734.22,1694869.32,0.40884,692930.93,423208.55,444443.69,0.5122,0.1726,0.0204,0.6025,0.5548
2026-01-01,STORE_110,Central,Flagship Tier 1,Normal,692930.93,1694869.32,113804.18,269459.21,449098.68,87260.01,9002.63,1418967.21,0.410693,582759.27,223975.84,225122.84,0.5013,0.1943,0.02,0.5777,0.3529
2026-02-01,STORE_110,Central,Flagship Tier 1,Normal,582759.27,1418967.21,392277.43,898065.11,444775.39,86643.8,10578.7,1775034.43,0.420813,746957.09,228079.61,216695.78,0.4872,0.1948,0.0238,0.5632,0.3259
2026-03-01,STORE_110,Central,Flagship Tier 1,Normal,746957.09,1775034.43,299398.47,738663.91,627220.93,102431.56,16737.87,1767307.98,0.416261,735662.07,310693.49,316527.44,0.5047,0.1633,0.0267,0.5947,0.427
2026-04-01,STORE_110,Central,Flagship Tier 1,Normal,735662.07,1767307.98,203107.89,514386.66,676587.06,84998.6,12583.17,1507525.81,0.411435,620249.49,318520.47,358066.59,0.5292,0.1256,0.0186,0.6051,0.5282
2026-05-01,STORE_110,Central,Flagship Tier 1,Normal,620249.49,1507525.81,252804.22,620295.33,524914.08,90816.32,8829.65,1503261.09,0.410304,616794.17,256259.54,268654.54,0.5118,0.173,0.0168,0.5924,0.4343
2026-06-01,STORE_110,Central,Flagship Tier 1,Normal,616794.17,1503261.09,300426.71,723383.52,551346.06,66970.38,8558.28,1599769.89,0.41193,658992.61,258228.27,293117.79,0.5316,0.1215,0.0155,0.5847,0.4595
2026-07-01,STORE_110,Central,Flagship Tier 1,Normal,658992.61,1599769.89,336364.17,753439.25,580479.43,134616.67,7252.68,1630860.36,0.422978,689818.8,305537.98,274941.45,0.4736,0.2319,0.0125,0.5536,0.4077
2026-08-01,STORE_110,Central,Flagship Tier 1,Normal,689818.8,1630860.36,236505.89,572917.75,589971.9,101473.12,14122.21,1498210.88,0.420335,629750.21,296574.48,293397.42,0.4973,0.172,0.0239,0.5872,0.4447
2026-09-01,STORE_110,Central,Flagship Tier 1,Normal,629750.21,1498210.88,317832.51,783783.14,609534.72,81583.04,7579.51,1583296.75,0.415243,657453.36,290129.36,319405.36,0.524,0.1338,0.0124,0.5945,0.4963
2026-10-01,STORE_110,Central,Flagship Tier 1,Normal,657453.36,1583296.75,451438.57,1163993.8,571461.0,84900.83,10967.77,2079960.95,0.403631,839536.94,269354.99,302106.01,0.5287,0.1486,0.0192,0.6122,0.4036
2024-11-01,STORE_111,SouthEast,Regional Mall Tier 2,Normal,505910.05,1222056.48,256918.72,586357.47,404092.24,72066.12,10686.74,1321568.85,0.421822,557466.8,205361.97,198730.27,0.4918,0.1783,0.0264,0.5618,0.3738
2024-12-01,STORE_111,SouthEast,Regional Mall Tier 2,Normal,557466.8,1321568.85,112319.42,254853.18,424755.3,54031.69,5581.66,1092053.38,0.424877,463988.89,205797.33,218957.97,0.5155,0.1272,0.0131,0.5593,0.4287
2025-01-01,STORE_111,SouthEast,Regional Mall Tier 2,Normal,463988.89,1092053.38,56472.75,136588.66,227647.76,51554.26,5029.78,944410.24,0.423607,400059.0,120402.64,107245.12,0.4711,0.2265,0.0221,0.5865,0.2482
2025-02-01,STORE_111,SouthEast,Regional Mall Tier 2,Normal,400059.0,944410.24,161107.15,373148.53,226453.47,45463.67,4411.87,1041229.76,0.425914,443473.88,117692.27,108761.2,0.4803,0.2008,0.0195,0.5682,0.2579
2025-03-01,STORE_111,SouthEast,Regional Mall Tier 2,Normal,443473.88,1041229.76,194688.76,437937.95,343951.65,58652.08,5944.59,1070619.39,0.431434,461901.17,176261.47,167690.18,0.4875,0.1705,0.0173,0.5554,0.3704
2025-04-01,STORE_111,SouthEast,Regional Mall Tier 2,Normal,461901.17,1070619.39,81970.37,199839.21,333065.35,44296.81,7667.97,885428.47,0.428091,379043.71,164827.83,168237.52,0.5051,0.133,0.023,0.5898,0.4001
2025-05-01,STORE_111,SouthEast,Regional Mall Tier 2,Normal,379043.71,885428.47,120416.28,299951.76,284988.92,44832.1,6202.89,849356.32,0.42135,357876.31,141583.68,143405.24,0.5032,0.1573,0.0218,0.5985,0.3892
2025-06-01,STORE_111,SouthEast,Regional Mall Tier 2,Normal,357876.31,849356.32,151356.53,348399.18,283020.17,35220.23,5419.67,874095.43,0.425156,371626.85,137605.99,145414.18,0.5138,0.1244,0.0191,0.5656,0.3987
2025-07-01,STORE_111,SouthEast,Regional Mall Tier 2,Normal,371626.85,874095.43,192800.48,462438.78,322806.14,62696.61,8159.25,942872.21,0.422307,398181.24,166246.09,156560.05,0.485,0.1942,0.0253,0.5831,0.4068
2025-08-01,STORE_111,SouthEast,Regional Mall Tier 2,Normal,398181.24,942872.21,123520.65,310062.08,308738.87,54238.7,6134.33,883822.39,0.416384,368009.57,153692.32,155046.55,0.5022,0.1757,0.0199,0.6016,0.4047
2025-09-01,STORE_111,SouthEast,Regional Mall Tier 2,Normal,368009.57,883822.39,118540.6,309791.82,275537.88,41026.35,7369.8,869680.18,0.407628,354505.7,132044.47,143493.41,0.5208,0.1489,0.0267,0.6174,0.3972
2025-10-01,STORE_111,SouthEast,Regional Mall Tier 2,Normal,354505.7,869680.18,249025.96,628610.53,285934.43,38033.56,3866.69,1170456.03,0.402813,471475.44,132056.22,153878.21,0.5382,0.133,0.0135,0.6038,0.3726
2025-11-01,STORE_111,SouthEast,Regional Mall Tier 2,Normal,471475.44,1170456.03,246492.39,606921.92,407178.36,62786.49,5891.27,1301521.83,0.403948,525746.82,192221.01,214957.35,0.5279,0.1542,0.0145,0.5939,0.4311
2025-12-01,STORE_111,SouthEast,Regional Mall Tier 2,Normal,525746.82,1301521.83,102646.63,247350.02,412250.03,59667.22,9957.61,1066996.99,0.40571,432891.8,195501.65,216748.38,0.5258,0.1447,0.0242,0.585,0.4522
2026-01-01,STORE_111,SouthEast,Regional Mall Tier 2,Normal,432891.8,1066996.99,61413.44,142292.82,237154.7,56900.46,3695.61,911539.04,0.408757,372597.64,121707.6,115447.1,0.4868,0.2399,0.0156,0.5684,0.2867
2026-02-01,STORE_111,SouthEast,Regional Mall Tier 2,Normal,372597.64,911539.04,173489.27,450979.15,233089.66,55805.55,4761.64,1068861.34,0.400792,428391.48,117695.43,115394.23,0.4951,0.2394,0.0204,0.6153,0.2881
2026-03-01,STORE_111,SouthEast,Regional Mall Tier 2,Normal,428391.48,1068861.34,153621.11,403155.57,336452.48,57186.9,5669.64,1072707.89,0.395384,424132.01,157880.58,178571.9,0.5307,0.17,0.0169,0.619,0.4189
2026-04-01,STORE_111,SouthEast,Regional Mall Tier 2,Normal,424132.01,1072707.89,86983.23,209792.88,347682.81,47336.26,5957.06,881524.64,0.39853,351314.16,159801.08,187881.73,0.5404,0.1361,0.0171,0.5854,0.4846
2026-05-01,STORE_111,SouthEast,Regional Mall Tier 2,Normal,351314.16,881524.64,124417.22,284844.38,285374.17,47072.6,4947.47,828974.78,0.407874,338117.1,137614.28,147759.89,0.5178,0.165,0.0173,0.5632,0.4286
2026-06-01,STORE_111,SouthEast,Regional Mall Tier 2,Normal,338117.1,828974.78,159030.24,371692.17,280976.69,37558.73,6785.43,875346.1,0.414059,362445.21,134702.13,146274.56,0.5206,0.1337,0.0241,0.5721,0.4176
2026-07-01,STORE_111,SouthEast,Regional Mall Tier 2,Normal,362445.21,875346.1,171450.64,382293.28,295241.45,58015.49,3849.7,900532.74,0.424522,382296.15,151599.7,143641.75,0.4865,0.1965,0.013,0.5515,0.3857
2026-08-01,STORE_111,SouthEast,Regional Mall Tier 2,Normal,382296.15,900532.74,115598.67,293541.17,308269.9,48211.56,5892.58,831699.87,0.416972,346795.16,151099.66,157170.24,0.5098,0.1564,0.0191,0.6062,0.4311
2026-09-01,STORE_111,SouthEast,Regional Mall Tier 2,Normal,346795.16,831699.87,154776.42,355150.9,294825.66,38538.5,7801.81,845684.8,0.422607,357392.41,144179.17,150646.49,0.511,0.1307,0.0265,0.5642,0.4279
2026-10-01,STORE_111,SouthEast,Regional Mall Tier 2,Normal,357392.41,845684.8,291099.64,698761.51,282810.56,44108.72,7706.69,1209820.34,0.419886,507987.15,140504.9,142305.66,0.5032,0.156,0.0273,0.5834,0.3289
2024-11-01,STORE_112,West,Regional Mall Tier 2,Normal,553359.28,1353033.96,276335.3,678503.54,496552.18,80781.37,6105.11,1448098.84,0.408407,591414.02,238280.56,258271.62,0.5201,0.1627,0.0123,0.5927,0.4512
2024-12-01,STORE_112,West,Regional Mall Tier 2,Normal,591414.02,1448098.84,132222.28,305497.01,509161.68,82841.8,6947.39,1154644.98,0.412659,476474.11,247162.19,261999.49,0.5146,0.1627,0.0136,0.5672,0.4907
2025-01-01,STORE_112,West,Regional Mall Tier 2,Normal,476474.11,1154644.98,62345.58,161851.69,269752.81,55918.05,5023.58,985802.23,0.409283,403472.08,135347.61,134405.2,0.4983,0.2073,0.0186,0.6148,0.3055
2025-02-01,STORE_112,West,Regional Mall Tier 2,Normal,403472.08,985802.23,180644.63,455496.21,281780.15,51022.4,7551.54,1100944.35,0.405271,446181.01,137935.7,143844.45,0.5105,0.1811,0.0268,0.6034,0.3386
2025-03-01,STORE_112,West,Regional Mall Tier 2,Normal,446181.01,1100944.35,229798.58,564571.25,426429.82,76007.96,8871.95,1154205.87,0.405868,468455.3,207524.29,218905.53,0.5133,0.1782,0.0208,0.593,0.4787
2025-04-01,STORE_112,West,Regional Mall Tier 2,Normal,468455.3,1154205.87,105569.74,264641.96,407024.65,62808.18,5884.47,943130.53,0.404571,381563.5,192461.54,214563.11,0.5272,0.1543,0.0145,0.6011,0.5048
2025-05-01,STORE_112,West,Regional Mall Tier 2,Normal,381563.5,943130.53,220055.77,518790.47,373244.58,56206.83,6343.45,1026126.14,0.411527,422278.13,179341.14,193903.44,0.5195,0.1506,0.017,0.5758,0.4824
2025-06-01,STORE_112,West,Regional Mall Tier 2,Normal,422278.13,1026126.14,138048.73,354124.8,324432.42,47962.58,8785.98,999069.96,0.40596,405582.58,154744.28,169688.14,0.523,0.1478,0.0271,0.6102,0.4099
2025-07-01,STORE_112,West,Regional Mall Tier 2,Normal,405582.58,999069.96,178747.58,445204.85,353440.53,68744.88,7739.84,1014349.56,0.404584,410389.38,173940.78,179499.75,0.5079,0.1945,0.0219,0.5985,0.44
2025-08-01,STORE_112,West,Regional Mall Tier 2,Normal,410389.38,1014349.56,137113.58,329023.67,374723.99,46954.47,8538.88,913155.89,0.407558,372164.3,175338.66,199385.33,0.5321,0.1253,0.0228,0.5833,0.5096
2025-09-01,STORE_112,West,Regional Mall Tier 2,Normal,372164.3,913155.89,213059.61,508795.74,360979.78,50574.28,9216.24,1001181.33,0.411564,412050.06,173173.85,187805.93,0.5203,0.1401,0.0255,0.5812,0.479
2025-10-01,STORE_112,West,Regional Mall Tier 2,Normal,412050.06,1001181.33,321620.28,732100.44,360812.42,45806.56,9439.39,1317223.4,0.423284,557559.51,176110.83,184701.59,0.5119,0.127,0.0262,0.5607,0.381
2025-11-01,STORE_112,West,Regional Mall Tier 2,Normal,557559.51,1317223.4,284829.75,688878.7,512883.87,70365.42,7301.72,1415551.09,0.419913,594408.95,247980.31,264903.56,0.5165,0.1372,0.0142,0.5865,0.4599
2025-12-01,STORE_112,West,Regional Mall Tier 2,Normal,594408.95,1415551.09,138238.66,307856.81,513094.69,80485.66,9225.18,1120602.37,0.425116,476385.57,256262.04,256832.65,0.5006,0.1569,0.018,0.551,0.4797
2026-01-01,STORE_112,West,Regional Mall Tier 2,Normal,476385.57,1120602.37,68988.0,168900.33,281500.55,57325.99,7027.62,943648.54,0.422933,399100.35,146273.22,135227.33,0.4804,0.2036,0.025,0.5915,0.3089
2026-02-01,STORE_112,West,Regional Mall Tier 2,Normal,399100.35,943648.54,207611.42,540610.12,275884.09,55367.14,5170.2,1147837.23,0.408764,469194.74,137517.03,138367.06,0.5015,0.2007,0.0187,0.616,0.3187
2026-03-01,STORE_112,West,Regional Mall Tier 2,Normal,469194.74,1147837.23,195834.79,508716.47,415990.73,68984.01,6887.53,1164691.43,0.401454,467569.63,197459.9,218530.83,0.5253,0.1658,0.0166,0.615,0.4666
2026-04-01,STORE_112,West,Regional Mall Tier 2,Normal,467569.63,1164691.43,94929.18,249246.49,415410.82,60939.22,8620.52,928967.36,0.397824,369565.75,192933.06,222477.76,0.5356,0.1467,0.0208,0.6191,0.5315
2026-05-01,STORE_112,West,Regional Mall Tier 2,Normal,369565.75,928967.36,195747.23,469689.7,326367.2,55664.95,5607.78,1011017.13,0.404183,408635.63,156677.35,169689.85,0.5199,0.1706,0.0172,0.5832,0.4361
2026-06-01,STORE_112,West,Regional Mall Tier 2,Normal,408635.63,1011017.13,183072.59,441318.4,342470.68,51454.11,4606.65,1053804.09,0.407418,429339.18,162369.04,180101.64,0.5259,0.1502,0.0135,0.5852,0.4298
2026-07-01,STORE_112,West,Regional Mall Tier 2,Normal,429339.18,1053804.09,158218.73,405567.66,380176.62,79940.77,9790.5,989463.86,0.40261,398368.21,189189.7,190986.92,0.5024,0.2103,0.0258,0.6099,0.4615
2026-08-01,STORE_112,West,Regional Mall Tier 2,Normal,398368.21,989463.86,147117.82,348149.06,361196.23,64506.62,5412.07,906498.0,0.407806,369674.95,175811.08,185385.15,0.5133,0.1786,0.015,0.5774,0.4827
2026-09-01,STORE_112,West,Regional Mall Tier 2,Normal,369674.95,906498.0,177857.6,417918.37,338031.11,44241.27,7706.1,934437.89,0.413414,386309.9,161222.65,176808.46,0.5231,0.1309,0.0228,0.5744,0.4678
2026-10-01,STORE_112,West,Regional Mall Tier 2,Normal,386309.9,934437.89,313570.25,810272.43,349118.51,49462.39,8952.08,1337177.34,0.401144,536400.72,163479.43,185639.08,0.5317,0.1417,0.0256,0.613,0.4024
2024-11-01,STORE_113,NorthEast,Regional Mall Tier 2,Normal,488681.33,1216959.68,233836.67,608289.91,464306.4,62360.06,11121.89,1287461.24,0.395846,509636.56,212881.44,251424.96,0.5415,0.1343,0.024,0.6156,0.5037
2024-12-01,STORE_113,NorthEast,Regional Mall Tier 2,Normal,509636.56,1287461.24,115890.24,280159.36,466932.26,76023.67,13020.37,1011644.3,0.399029,403675.88,221850.92,245081.34,0.5249,0.1628,0.0279,0.5863,0.5367
2025-01-01,STORE_113,NorthEast,Regional Mall Tier 2,Normal,403675.88,1011644.3,67866.69,151748.71,252914.52,54828.47,3092.13,852557.89,0.405317,345555.92,125986.65,126927.87,0.5019,0.2168,0.0122,0.5528,0.3388
2025-02-01,STORE_113,NorthEast,Regional Mall Tier 2,Normal,345555.92,852557.89,174120.1,411148.83,234075.26,45980.43,2931.78,980719.25,0.411232,403302.66,116373.36,117701.9,0.5028,0.1964,0.0125,0.5765,0.3144
2025-03-01,STORE_113,NorthEast,Regional Mall Tier 2,Normal,403302.66,980719.25,154964.69,390305.3,346969.38,48463.1,4661.78,970930.29,0.40719,395353.01,162914.34,184055.04,0.5305,0.1397,0.0134,0.603,0.4609
2025-04-01,STORE_113,NorthEast,Regional Mall Tier 2,Normal,395353.01,970930.29,144645.67,364836.56,389442.73,58515.0,7987.15,879821.97,0.404261,355677.87,184320.81,205121.92,0.5267,0.1503,0.0205,0.6035,0.5462
2025-05-01,STORE_113,NorthEast,Regional Mall Tier 2,Normal,355677.87,879821.97,145020.91,376723.63,327291.56,47804.52,7943.37,873506.15,0.398472,348068.12,152630.66,174660.9,0.5337,0.1461,0.0243,0.615,0.4964
2025-06-01,STORE_113,NorthEast,Regional Mall Tier 2,Normal,348068.12,873506.15,151845.23,383363.4,321181.83,53382.17,4333.49,877972.06,0.397745,349208.84,150704.51,170477.32,0.5308,0.1662,0.0135,0.6039,0.489
2025-07-01,STORE_113,NorthEast,Regional Mall Tier 2,Normal,349208.84,877972.06,203345.4,454882.97,353062.49,81702.76,4789.69,893300.09,0.414564,370330.41,182223.83,170838.66,0.4839,0.2314,0.0136,0.553,0.4749
2025-08-01,STORE_113,NorthEast,Regional Mall Tier 2,Normal,370330.41,893300.09,143406.95,370141.68,334119.94,47967.63,6282.0,875072.2,0.406617,355819.55,157917.81,176202.13,0.5274,0.1436,0.0188,0.6126,0.4853
2025-09-01,STORE_113,NorthEast,Regional Mall Tier 2,Normal,355819.55,875072.2,154797.01,352312.73,320637.41,48143.94,5990.75,852612.83,0.41602,354703.91,155912.65,164724.76,0.5137,0.1502,0.0187,0.5606,0.4637
2025-10-01,STORE_113,NorthEast,Regional Mall Tier 2,Normal,354703.91,852612.83,303183.73,767418.79,308579.46,44683.69,7770.83,1258997.64,0.406096,511273.35,146614.29,161965.17,0.5249,0.1448,0.0252,0.6049,0.3741
2025-11-01,STORE_113,NorthEast,Regional Mall Tier 2,Normal,511273.35,1258997.64,228900.09,559509.29,456993.49,58735.65,9333.34,1293444.45,0.407023,526461.14,213712.3,243281.19,0.5324,0.1285,0.0204,0.5909,0.4689
2025-12-01,STORE_113,NorthEast,Regional Mall Tier 2,Normal,526461.14,1293444.45,111861.54,274069.63,456782.72,57970.83,9602.39,1043158.14,0.40722,424794.59,213528.09,243254.63,0.5325,0.1269,0.021,0.5918,0.5114
2026-01-01,STORE_113,NorthEast,Regional Mall Tier 2,Normal,424794.59,1043158.14,58814.57,153001.02,255001.7,53737.68,4114.94,883304.84,0.404302,357121.63,126487.53,128514.17,0.504,0.2107,0.0161,0.6156,0.3287
2026-02-01,STORE_113,NorthEast,Regional Mall Tier 2,Normal,357121.63,883304.84,203417.3,463302.24,263486.59,52538.16,5639.18,1024943.15,0.41626,426643.04,133895.89,129590.7,0.4918,0.1994,0.0214,0.5609,0.3307
2026-03-01,STORE_113,NorthEast,Regional Mall Tier 2,Normal,426643.04,1024943.15,149160.94,387505.74,380812.01,56719.12,10189.66,964728.1,0.407664,393284.52,182519.46,198292.55,0.5207,0.1489,0.0268,0.6151,0.4837
2026-04-01,STORE_113,NorthEast,Regional Mall Tier 2,Normal,393284.52,964728.1,117938.18,304660.29,372861.4,52689.0,7173.56,836664.43,0.402732,336951.13,174271.57,198589.83,0.5326,0.1413,0.0192,0.6129,0.5439
2026-05-01,STORE_113,NorthEast,Regional Mall Tier 2,Normal,336951.13,836664.43,156684.3,387719.33,315490.52,39130.08,3981.5,865781.66,0.403171,349057.64,144577.79,170912.73,0.5417,0.124,0.0126,0.5959,0.4983
2026-06-01,STORE_113,NorthEast,Regional Mall Tier 2,Normal,349057.64,865781.66,155466.42,366479.47,297728.96,49098.74,7746.99,877686.44,0.40943,359350.72,145173.34,152555.62,0.5124,0.1649,0.026,0.5758,0.4307
2026-07-01,STORE_113,NorthEast,Regional Mall Tier 2,Normal,359350.72,877686.44,184002.73,421818.69,341106.52,62640.07,6106.51,889652.03,0.418123,371984.3,171369.15,169737.37,0.4976,0.1836,0.0179,0.5638,0.4642
2026-08-01,STORE_113,NorthEast,Regional Mall Tier 2,Normal,371984.3,889652.03,163995.32,387257.05,328733.23,47103.93,5761.42,895310.5,0.419748,375804.5,160175.12,168558.11,0.5128,0.1433,0.0175,0.5765,0.4508
2026-09-01,STORE_113,NorthEast,Regional Mall Tier 2,Normal,375804.5,895310.5,144309.68,343624.69,329844.68,49911.7,8759.61,850419.2,0.419807,357012.29,163101.89,166742.79,0.5055,0.1513,0.0266,0.58,0.4551
2026-10-01,STORE_113,NorthEast,Regional Mall Tier 2,Normal,357012.29,850419.2,288337.58,725571.73,331768.89,48936.77,4473.76,1190811.51,0.409488,487623.4,157726.47,174042.42,0.5246,0.1475,0.0135,0.6026,0.4121
2024-11-01,STORE_114,Central,Regional Mall Tier 2,Shrinkage Anomaly,615111.96,1434037.16,371784.62,830896.68,526289.37,82493.94,31625.47,1624525.06,0.435729,707852.12,279044.46,247244.91,0.4698,0.1567,0.0601,0.5526,0.3738
2024-12-01,STORE_114,Central,Regional Mall Tier 2,Shrinkage Anomaly,707852.12,1624525.06,139297.65,326783.93,544639.88,93471.51,31571.66,1281625.94,0.434144,556410.66,290739.11,253900.77,0.4662,0.1716,0.058,0.5737,0.4017
2025-01-01,STORE_114,Central,Regional Mall Tier 2,Shrinkage Anomaly,556410.66,1281625.94,72646.27,169126.45,281877.42,52320.67,17690.79,1098863.51,0.433607,476475.32,152581.61,129295.81,0.4587,0.1856,0.0628,0.5705,0.2504
2025-02-01,STORE_114,Central,Regional Mall Tier 2,Shrinkage Anomaly,476475.32,1098863.51,160753.86,402885.56,286655.93,62098.65,14663.19,1138331.3,0.424325,483022.05,154207.13,132448.8,0.462,0.2166,0.0512,0.601,0.2761
2025-03-01,STORE_114,Central,Regional Mall Tier 2,Shrinkage Anomaly,483022.05,1138331.3,241905.58,581536.18,412637.21,67577.47,26399.49,1213253.31,0.421502,511388.73,213538.9,199098.31,0.4825,0.1638,0.064,0.584,0.4004
2025-04-01,STORE_114,Central,Regional Mall Tier 2,Shrinkage Anomaly,511388.73,1213253.31,132644.26,348743.24,405452.11,61346.06,21741.57,1073456.81,0.412314,442601.23,201431.76,204020.35,0.5032,0.1513,0.0536,0.6197,0.4277
2025-05-01,STORE_114,Central,Regional Mall Tier 2,Shrinkage Anomaly,442601.23,1073456.81,123873.86,312406.75,348079.18,45543.51,18114.88,974125.99,0.408752,398176.36,168298.73,179780.45,0.5165,0.1308,0.052,0.6035,0.4277
2025-06-01,STORE_114,Central,Regional Mall Tier 2,Shrinkage Anomaly,398176.36,974125.99,200188.4,463818.95,353724.48,43138.66,16391.44,1024690.36,0.416125,426399.22,171965.54,181758.94,0.5138,0.122,0.0463,0.5684,0.4409
2025-07-01,STORE_114,Central,Regional Mall Tier 2,Shrinkage Anomaly,426399.22,1024690.36,222028.51,524111.33,372285.65,71436.8,21024.02,1084055.22,0.418664,453855.05,194572.68,177712.97,0.4774,0.1919,0.0565,0.5764,0.4038
2025-08-01,STORE_114,Central,Regional Mall Tier 2,Shrinkage Anomaly,453855.05,1084055.22,173410.35,422686.28,386889.24,56371.14,22747.24,1040733.88,0.416306,433263.67,194001.73,192887.51,0.4986,0.1457,0.0588,0.5897,0.4349
2025-09-01,STORE_114,Central,Regional Mall Tier 2,Shrinkage Anomaly,433263.67,1040733.88,180024.98,404230.65,351007.61,43576.99,20905.18,1029474.75,0.424432,436941.65,176347.0,174660.61,0.4976,0.1241,0.0596,0.5546,0.4014
2025-10-01,STORE_114,Central,Regional Mall Tier 2,Shrinkage Anomaly,436941.65,1029474.75,360935.6,832472.2,360830.4,45224.94,16408.81,1439482.8,0.428518,616843.88,181033.37,179797.03,0.4983,0.1253,0.0455,0.5664,0.3412
2025-11-01,STORE_114,Central,Regional Mall Tier 2,Shrinkage Anomaly,616843.88,1439482.8,345580.43,786319.83,515505.74,86466.57,28238.36,1595591.96,0.432394,689924.83,272499.48,243006.26,0.4714,0.1677,0.0548,0.5605,0.3719
2025-12-01,STORE_114,Central,Regional Mall Tier 2,Shrinkage Anomaly,689924.83,1595591.96,143124.39,331638.25,552730.42,82168.31,34670.95,1257660.53,0.432252,543626.35,289422.87,263307.55,0.4764,0.1487,0.0627,0.5684,0.4269
2026-01-01,STORE_114,Central,Regional Mall Tier 2,Shrinkage Anomaly,543626.35,1257660.53,79130.21,182985.28,304975.47,64437.23,16543.26,1054689.85,0.432276,455917.07,166839.49,138135.98,0.4529,0.2113,0.0542,0.5676,0.2764
2026-02-01,STORE_114,Central,Regional Mall Tier 2,Shrinkage Anomaly,455917.07,1054689.85,205613.86,526319.81,289467.21,67250.83,16511.9,1207779.72,0.418423,505362.91,156168.02,133299.19,0.4605,0.2323,0.057,0.6093,0.2773
2026-03-01,STORE_114,Central,Regional Mall Tier 2,Shrinkage Anomaly,505362.91,1207779.72,249568.44,558495.61,420062.16,50624.65,19299.76,1276288.76,0.427414,545504.08,209427.27,210634.89,0.5014,0.1205,0.0459,0.5531,0.4009
2026-04-01,STORE_114,Central,Regional Mall Tier 2,Shrinkage Anomaly,545504.08,1276288.76,107003.03,262046.04,436743.4,67925.81,26257.67,1007407.92,0.424165,427306.74,225200.37,211543.03,0.4844,0.1555,0.0601,0.5917,0.4349
2026-05-01,STORE_114,Central,Regional Mall Tier 2,Shrinkage Anomaly,427306.74,1007407.92,184857.73,468538.66,370856.75,48719.26,17607.73,1038762.84,0.414761,430837.89,181326.58,189530.17,0.5111,0.1314,0.0475,0.6055,0.4417
2026-06-01,STORE_114,Central,Regional Mall Tier 2,Shrinkage Anomaly,430837.89,1038762.84,199314.27,466871.05,368163.35,61978.96,18388.04,1057103.54,0.418529,442428.99,187723.17,180440.18,0.4901,0.1683,0.0499,0.5731,0.4133
2026-07-01,STORE_114,Central,Regional Mall Tier 2,Shrinkage Anomaly,442428.99,1057103.54,239570.78,541415.24,404144.02,96378.42,21556.34,1076440.0,0.426645,459257.56,222742.21,181401.81,0.4489,0.2385,0.0533,0.5575,0.4024
2026-08-01,STORE_114,Central,Regional Mall Tier 2,Shrinkage Anomaly,459257.56,1076440.0,127865.28,322543.9,366684.68,45484.47,23331.87,963482.88,0.419678,404352.62,182770.22,183914.46,0.5016,0.124,0.0636,0.6036,0.4259
2026-09-01,STORE_114,Central,Regional Mall Tier 2,Shrinkage Anomaly,404352.62,963482.88,200798.96,505809.26,343469.87,56171.77,15927.53,1053722.97,0.411866,433992.74,171158.84,172311.03,0.5017,0.1635,0.0464,0.603,0.4111
2026-10-01,STORE_114,Central,Regional Mall Tier 2,Shrinkage Anomaly,433992.74,1053722.97,386030.42,944131.72,376879.1,58480.55,19390.15,1543104.89,0.410452,633370.26,186652.9,190226.2,0.5047,0.1552,0.0514,0.5911,0.3564
2024-11-01,STORE_115,SouthEast,Regional Mall Tier 2,Normal,508133.87,1217130.48,218735.07,533513.04,399673.91,51807.07,6090.42,1293072.12,0.415201,536884.83,189984.11,209689.8,0.5247,0.1296,0.0152,0.59,0.4013
2024-12-01,STORE_115,SouthEast,Regional Mall Tier 2,Normal,536884.83,1293072.12,101093.52,249557.12,415928.54,64460.06,8885.51,1053355.13,0.413566,435631.42,202346.93,213581.61,0.5135,0.155,0.0214,0.5949,0.4392
2025-01-01,STORE_115,SouthEast,Regional Mall Tier 2,Normal,435631.42,1053355.13,55972.55,139073.86,231789.77,43129.49,3794.52,913715.21,0.412271,376698.34,114905.63,116884.14,0.5043,0.1861,0.0164,0.5975,0.2878
2025-02-01,STORE_115,SouthEast,Regional Mall Tier 2,Normal,376698.34,913715.21,173481.47,424570.51,240624.93,46513.83,5713.46,1045433.5,0.411108,429785.95,120393.86,120231.07,0.4997,0.1933,0.0237,0.5914,0.2982
2025-03-01,STORE_115,SouthEast,Regional Mall Tier 2,Normal,429785.95,1045433.5,169684.1,380054.2,348480.52,59885.16,8214.77,1008907.25,0.420537,424282.64,175187.41,173293.11,0.4973,0.1718,0.0236,0.5535,0.4058
2025-04-01,STORE_115,SouthEast,Regional Mall Tier 2,Normal,424282.64,1008907.25,109792.91,248064.91,350828.14,49958.98,9509.65,846675.39,0.424891,359744.34,174331.21,176496.93,0.5031,0.1424,0.0271,0.5574,0.4502
2025-05-01,STORE_115,SouthEast,Regional Mall Tier 2,Normal,359744.34,846675.39,137143.26,336635.59,280575.34,40122.43,6834.84,855778.37,0.419913,359352.42,137535.18,143040.16,0.5098,0.143,0.0244,0.5926,0.3978
2025-06-01,STORE_115,SouthEast,Regional Mall Tier 2,Normal,359352.42,855778.37,177523.0,431570.04,306499.34,37716.78,8205.86,934926.43,0.41704,389901.46,146973.96,159525.38,0.5205,0.1231,0.0268,0.5887,0.4258
2025-07-01,STORE_115,SouthEast,Regional Mall Tier 2,Normal,389901.46,934926.43,160028.89,408279.17,310241.86,65124.73,3891.07,963947.94,0.409416,394656.06,155274.29,154967.57,0.4995,0.2099,0.0125,0.608,0.395
2025-08-01,STORE_115,SouthEast,Regional Mall Tier 2,Normal,394656.06,963947.94,117536.34,281444.62,300274.28,52974.71,8105.3,884038.27,0.41127,363578.28,148614.12,151660.16,0.5051,0.1764,0.027,0.5824,0.4
2025-09-01,STORE_115,SouthEast,Regional Mall Tier 2,Normal,363578.28,884038.27,126467.68,291312.19,275225.53,34624.8,4327.57,861172.56,0.416936,359053.87,130992.09,144233.44,0.5241,0.1258,0.0157,0.5659,0.3992
2025-10-01,STORE_115,SouthEast,Regional Mall Tier 2,Normal,359053.87,861172.56,270416.04,700295.49,287514.47,37317.19,6041.56,1230594.83,0.403127,496085.99,133383.92,154130.55,0.5361,0.1298,0.021,0.6139,0.3605
2025-11-01,STORE_115,SouthEast,Regional Mall Tier 2,Normal,496085.99,1230594.83,233981.12,577367.46,405537.12,70624.05,10246.06,1321555.06,0.403807,533652.66,196414.45,209122.67,0.5157,0.1741,0.0253,0.5947,0.4062
2025-12-01,STORE_115,SouthEast,Regional Mall Tier 2,Normal,533652.66,1321555.06,118290.15,263374.91,438958.18,77908.74,9380.39,1058682.66,0.411339,435477.0,216465.81,222492.37,0.5069,0.1775,0.0214,0.5509,0.4592
2026-01-01,STORE_115,SouthEast,Regional Mall Tier 2,Normal,435477.0,1058682.66,59856.85,141261.6,235436.0,48551.46,4104.94,911851.86,0.412797,376410.06,118923.79,116512.21,0.4949,0.2062,0.0174,0.5763,0.287
2026-02-01,STORE_115,SouthEast,Regional Mall Tier 2,Normal,376410.06,911851.86,160857.71,397240.18,235024.91,46812.25,3925.71,1023329.17,0.410413,419987.11,117280.66,117744.25,0.501,0.1992,0.0167,0.5951,0.2957
2026-03-01,STORE_115,SouthEast,Regional Mall Tier 2,Normal,419987.11,1023329.17,174482.72,389617.89,345345.49,55796.19,4282.51,1007522.87,0.42073,423895.53,170574.3,174771.19,0.5061,0.1616,0.0124,0.5522,0.4142
2026-04-01,STORE_115,SouthEast,Regional Mall Tier 2,Normal,423895.53,1007522.87,125915.02,281618.34,355796.91,58636.72,7210.29,867497.29,0.426494,369982.09,179828.46,175968.45,0.4946,0.1648,0.0203,0.5529,0.4433
2026-05-01,STORE_115,SouthEast,Regional Mall Tier 2,Normal,369982.09,867497.29,144427.82,368320.14,285666.8,51343.84,3500.23,895306.56,0.416251,372672.01,141737.9,143928.9,0.5038,0.1797,0.0123,0.6079,0.3876
2026-06-01,STORE_115,SouthEast,Regional Mall Tier 2,Normal,372672.01,895306.56,164669.83,367419.97,279161.01,45169.23,7186.57,931209.72,0.425541,396267.86,141073.98,138087.03,0.4947,0.1618,0.0257,0.5518,0.3592
2026-07-01,STORE_115,SouthEast,Regional Mall Tier 2,Normal,396267.86,931209.72,159077.64,362875.73,331605.11,63561.3,3999.92,894919.12,0.429141,384046.75,171298.75,160306.36,0.4834,0.1917,0.0121,0.5616,0.4109
2026-08-01,STORE_115,SouthEast,Regional Mall Tier 2,Normal,384046.75,894919.12,139116.29,324036.7,312003.52,51811.2,8202.6,846938.5,0.42919,363497.11,159665.93,152337.59,0.4883,0.1661,0.0263,0.5707,0.4076
2026-09-01,STORE_115,SouthEast,Regional Mall Tier 2,Normal,363497.11,846938.5,154606.44,383370.33,288166.15,41614.46,7803.56,892724.66,0.421117,375941.23,142162.32,146003.83,0.5067,0.1444,0.0271,0.5967,0.3949
2026-10-01,STORE_115,SouthEast,Regional Mall Tier 2,Normal,375941.23,892724.66,261648.47,648646.06,291795.74,35568.41,4174.58,1209831.99,0.413651,500448.34,137141.36,154654.38,0.53,0.1219,0.0143,0.5966,0.3529
2024-11-01,STORE_116,West,Regional Mall Tier 2,Normal,447412.27,1027433.72,179468.43,460484.84,364928.12,60714.44,5962.27,1056313.73,0.421314,445039.61,181841.09,183087.03,0.5017,0.1664,0.0163,0.6103,0.4103
2024-12-01,STORE_116,West,Regional Mall Tier 2,Normal,445039.61,1056313.73,101482.13,247508.29,412513.81,71219.94,11283.71,808804.56,0.419169,339025.78,207495.96,205017.85,0.497,0.1726,0.0274,0.59,0.523
2025-01-01,STORE_116,West,Regional Mall Tier 2,Normal,339025.78,808804.56,53764.01,129476.8,215794.66,43278.94,3585.83,675621.93,0.418627,282833.49,109956.3,105838.36,0.4905,0.2006,0.0166,0.5848,0.3404
2025-02-01,STORE_116,West,Regional Mall Tier 2,Normal,282833.49,675621.93,167897.18,427878.55,217481.62,45944.85,4101.16,835972.85,0.408455,341457.58,109273.09,108208.53,0.4976,0.2113,0.0189,0.6076,0.3467
2025-03-01,STORE_116,West,Regional Mall Tier 2,Normal,341457.58,835972.85,155299.94,399961.95,319012.7,52828.22,6762.4,857331.48,0.401929,344586.02,152171.5,166841.2,0.523,0.1656,0.0212,0.6117,0.4864
2025-04-01,STORE_116,West,Regional Mall Tier 2,Normal,344586.02,857331.48,109576.38,278801.92,320049.87,51167.9,8174.55,756741.08,0.399744,302502.63,151659.77,168390.1,0.5261,0.1599,0.0255,0.607,0.5205
2025-05-01,STORE_116,West,Regional Mall Tier 2,Normal,302502.63,756741.08,116896.93,269226.34,265772.58,46674.17,4866.51,708654.16,0.408784,289686.82,129712.74,136059.84,0.5119,0.1756,0.0183,0.5658,0.4595
2025-06-01,STORE_116,West,Regional Mall Tier 2,Normal,289686.82,708654.16,155955.51,402633.64,273829.77,39334.29,4363.67,793760.07,0.401014,318309.16,127333.17,146496.6,0.535,0.1436,0.0159,0.6127,0.4819
2025-07-01,STORE_116,West,Regional Mall Tier 2,Normal,318309.16,793760.07,120890.2,289926.56,262809.02,54673.84,5736.73,760467.04,0.405283,308204.08,130995.28,131813.74,0.5016,0.208,0.0218,0.583,0.4208
2025-08-01,STORE_116,West,Regional Mall Tier 2,Normal,308204.08,760467.04,120840.06,306732.1,281883.02,41811.33,7071.14,736433.65,0.402028,296067.09,132977.05,148905.97,0.5283,0.1483,0.0251,0.606,0.4928
2025-09-01,STORE_116,West,Regional Mall Tier 2,Normal,296067.09,736433.65,127334.82,315965.91,276573.69,42858.12,4581.44,728386.31,0.40232,293044.74,130357.17,146216.52,0.5287,0.155,0.0166,0.597,0.4964
2025-10-01,STORE_116,West,Regional Mall Tier 2,Normal,293044.74,728386.31,276873.66,712196.07,262741.57,46483.92,4755.86,1126601.03,0.395617,445702.14,124216.26,138525.31,0.5272,0.1769,0.0181,0.6112,0.375
2025-11-01,STORE_116,West,Regional Mall Tier 2,Normal,445702.14,1126601.03,186931.3,452938.2,379854.05,46315.21,6948.61,1146421.36,0.400518,459162.06,173471.38,206382.67,0.5433,0.1219,0.0183,0.5873,0.4562
2025-12-01,STORE_116,West,Regional Mall Tier 2,Normal,459162.06,1146421.36,100292.86,228941.18,381568.64,62032.95,7438.48,924322.47,0.406769,375985.78,183469.14,198099.5,0.5192,0.1626,0.0195,0.5619,0.4744
2026-01-01,STORE_116,West,Regional Mall Tier 2,Normal,375985.78,924322.47,60121.1,138479.33,230798.88,44967.79,3691.56,783343.57,0.410337,321434.83,114672.05,116126.83,0.5032,0.1948,0.016,0.5658,0.333
2026-02-01,STORE_116,West,Regional Mall Tier 2,Normal,321434.83,783343.57,152364.16,358394.04,210089.96,37969.23,4391.67,889286.75,0.414981,369036.77,104762.22,105327.74,0.5013,0.1807,0.0209,0.5749,0.3051
2026-03-01,STORE_116,West,Regional Mall Tier 2,Normal,369036.77,889286.75,123510.97,318740.73,309582.23,50910.46,7601.9,839932.89,0.407729,342464.93,150082.81,159499.42,0.5152,0.1644,0.0246,0.6125,0.4483
2026-04-01,STORE_116,West,Regional Mall Tier 2,Normal,342464.93,839932.89,100777.8,230458.1,301347.95,46197.41,5227.03,717618.6,0.414094,297161.72,146081.01,155266.94,0.5152,0.1533,0.0173,0.5627,0.4855
2026-05-01,STORE_116,West,Regional Mall Tier 2,Normal,297161.72,717618.6,134632.23,339583.2,280486.35,43340.1,3783.69,729591.66,0.408431,297987.82,133806.13,146680.22,0.5229,0.1545,0.0135,0.6035,0.4929
2026-06-01,STORE_116,West,Regional Mall Tier 2,Normal,297987.82,729591.66,131060.57,301823.5,258815.66,34261.08,3878.77,734459.65,0.41598,305520.75,123527.64,135288.02,0.5227,0.1324,0.015,0.5658,0.4483
2026-07-01,STORE_116,West,Regional Mall Tier 2,Normal,305520.75,734459.65,164118.33,409160.4,273314.44,50521.39,7137.13,812647.09,0.41066,333721.7,135917.38,137397.06,0.5027,0.1848,0.0261,0.5989,0.4299
2026-08-01,STORE_116,West,Regional Mall Tier 2,Normal,333721.7,812647.09,98892.51,222266.24,284663.08,45309.03,7602.14,697339.08,0.41802,291501.51,141112.7,143550.38,0.5043,0.1592,0.0267,0.5551,0.4592
2026-09-01,STORE_116,West,Regional Mall Tier 2,Normal,291501.51,697339.08,145754.66,369903.66,278530.13,44709.84,7090.8,736911.97,0.409706,301917.54,135338.63,143191.5,0.5141,0.1605,0.0255,0.606,0.4826
2026-10-01,STORE_116,West,Regional Mall Tier 2,Normal,301917.54,736911.97,280703.81,650051.14,281392.93,46498.9,4973.79,1054097.49,0.42007,442794.55,139826.8,141566.13,0.5031,0.1652,0.0177,0.5682,0.3802
2024-11-01,STORE_117,NorthEast,Regional Mall Tier 2,Normal,450628.54,1113548.7,245635.93,595830.29,420163.38,59278.6,6498.3,1223438.71,0.40732,498331.21,197933.26,222230.12,0.5289,0.1411,0.0155,0.5877,0.4684
2024-12-01,STORE_117,NorthEast,Regional Mall Tier 2,Normal,498331.21,1223438.71,110224.97,282094.23,470157.05,79998.06,6207.12,949170.71,0.404213,383667.26,224888.92,245268.13,0.5217,0.1702,0.0132,0.6093,0.5562
2025-01-01,STORE_117,NorthEast,Regional Mall Tier 2,Normal,383667.26,949170.71,61338.76,147616.57,246027.61,49500.11,5627.09,795632.47,0.405736,322816.69,122189.33,123838.28,0.5034,0.2012,0.0229,0.5845,0.3506
2025-02-01,STORE_117,NorthEast,Regional Mall Tier 2,Normal,322816.69,795632.47,195726.74,447750.57,244520.68,45759.95,3891.85,949210.56,0.417042,395861.04,122682.39,121838.29,0.4983,0.1871,0.0159,0.5629,0.3391
2025-03-01,STORE_117,NorthEast,Regional Mall Tier 2,Normal,395861.04,949210.56,142259.16,346219.64,353296.75,60906.38,8159.77,873067.3,0.415399,362671.14,175449.06,177847.69,0.5034,0.1724,0.0231,0.5891,0.4689
2025-04-01,STORE_117,NorthEast,Regional Mall Tier 2,Normal,362671.14,873067.3,158373.33,354925.1,368415.02,53816.68,9863.58,795897.12,0.424306,337703.88,183340.59,185074.43,0.5024,0.1461,0.0268,0.5538,0.5285
2025-05-01,STORE_117,NorthEast,Regional Mall Tier 2,Normal,337703.88,795897.12,144980.84,363857.31,302317.02,49684.13,5878.07,801875.21,0.416196,333736.95,148947.77,153369.25,0.5073,0.1643,0.0194,0.6015,0.4568
2025-06-01,STORE_117,NorthEast,Regional Mall Tier 2,Normal,333736.95,801875.21,167643.43,414433.68,307156.14,45387.83,7747.27,856017.65,0.412215,352863.04,148517.34,158638.8,0.5165,0.1478,0.0252,0.5955,0.4621
2025-07-01,STORE_117,NorthEast,Regional Mall Tier 2,Normal,352863.04,856017.65,166480.84,384637.7,342764.17,62636.63,8428.93,826825.62,0.418604,346112.9,173230.98,169533.19,0.4946,0.1827,0.0246,0.5672,0.4851
2025-08-01,STORE_117,NorthEast,Regional Mall Tier 2,Normal,346112.9,826825.62,145672.48,344067.44,321291.48,43038.02,4185.57,802377.99,0.420009,337005.81,154779.57,166511.91,0.5183,0.134,0.013,0.5766,0.4875
2025-09-01,STORE_117,NorthEast,Regional Mall Tier 2,Normal,337005.81,802377.99,161246.73,384119.86,300754.86,41880.18,7256.79,836606.02,0.419935,351320.55,146931.99,153822.87,0.5115,0.1393,0.0241,0.5802,0.4469
2025-10-01,STORE_117,NorthEast,Regional Mall Tier 2,Normal,351320.55,836606.02,245952.5,584265.22,307254.31,44510.59,6269.38,1062836.96,0.420357,446770.86,150502.19,156752.12,0.5102,0.1449,0.0204,0.579,0.3928
2025-11-01,STORE_117,NorthEast,Regional Mall Tier 2,Normal,446770.86,1062836.96,247172.54,591380.53,429762.48,65932.45,11556.91,1146965.65,0.419499,481151.51,212791.89,216970.59,0.5049,0.1534,0.0269,0.582,0.4676
2025-12-01,STORE_117,NorthEast,Regional Mall Tier 2,Normal,481151.51,1146965.65,112871.11,250863.33,418105.55,55611.24,6854.06,917258.13,0.424961,389798.81,204223.81,213881.74,0.5115,0.133,0.0164,0.5501,0.4911
2026-01-01,STORE_117,NorthEast,Regional Mall Tier 2,Normal,389798.81,917258.13,62004.82,138309.77,230516.29,49095.45,3979.91,771976.25,0.428019,330420.88,121382.75,109133.54,0.4734,0.213,0.0173,0.5517,0.3031
2026-02-01,STORE_117,NorthEast,Regional Mall Tier 2,Normal,330420.88,771976.25,197499.61,484923.76,242897.99,45570.46,3484.31,964947.25,0.420018,405295.11,122625.38,120272.61,0.4952,0.1876,0.0143,0.5927,0.327
2026-03-01,STORE_117,NorthEast,Regional Mall Tier 2,Normal,405295.11,964947.25,166650.69,393858.4,357561.67,63814.05,5457.9,931972.03,0.420918,392283.83,179661.97,177899.7,0.4975,0.1785,0.0153,0.5769,0.4461
2026-04-01,STORE_117,NorthEast,Regional Mall Tier 2,Normal,392283.83,931972.03,157418.16,352980.9,369344.7,66417.09,6672.58,842518.56,0.427799,360428.87,189273.12,180071.58,0.4875,0.1798,0.0181,0.554,0.4785
2026-05-01,STORE_117,NorthEast,Regional Mall Tier 2,Normal,360428.87,842518.56,139760.77,334305.78,310601.87,50399.44,4468.61,811354.42,0.425033,344852.72,155336.92,155264.95,0.4999,0.1623,0.0144,0.5819,0.4403
2026-06-01,STORE_117,NorthEast,Regional Mall Tier 2,Normal,344852.72,811354.42,199572.07,444010.32,310885.26,53243.32,3902.09,887334.07,0.433679,384817.77,159607.02,151278.24,0.4866,0.1713,0.0126,0.5505,0.4146
2026-07-01,STORE_117,NorthEast,Regional Mall Tier 2,Normal,384817.77,887334.07,144535.26,340534.01,312427.47,57361.51,6697.4,851381.7,0.431116,367043.89,162309.14,150118.33,0.4805,0.1836,0.0214,0.5756,0.3993
2026-08-01,STORE_117,NorthEast,Regional Mall Tier 2,Normal,367043.89,851381.7,143141.12,343284.99,313227.72,41489.59,6580.97,833368.41,0.427052,355891.79,154293.22,158934.5,0.5074,0.1325,0.021,0.583,0.4397
2026-09-01,STORE_117,NorthEast,Regional Mall Tier 2,Normal,355891.79,833368.41,120027.07,305444.5,292442.12,39385.41,3561.65,803423.73,0.417908,335757.09,140161.77,152280.35,0.5207,0.1347,0.0122,0.607,0.4403
2026-10-01,STORE_117,NorthEast,Regional Mall Tier 2,Normal,335757.09,803423.73,294194.02,756809.31,301972.95,43815.26,5191.06,1209253.77,0.403754,488241.65,141709.46,160263.49,0.5307,0.1451,0.0172,0.6113,0.389
2024-11-01,STORE_118,Central,Regional Mall Tier 2,Discount-Addicted,434438.07,980007.71,193215.1,419957.85,306275.81,129292.93,5323.72,959073.1,0.448335,429985.77,197667.4,108608.41,0.3546,0.4221,0.0174,0.5399,0.2513
2024-12-01,STORE_118,Central,Regional Mall Tier 2,Discount-Addicted,429985.77,959073.1,91834.38,204858.36,341430.6,162649.09,4647.62,655204.15,0.448325,293744.73,228075.42,113355.18,0.332,0.4764,0.0136,0.5517,0.3133
2025-01-01,STORE_118,Central,Regional Mall Tier 2,Discount-Addicted,293744.73,655204.15,77700.32,167143.21,176461.88,75677.7,2635.12,567572.66,0.451689,256366.18,115078.87,61383.01,0.3479,0.4289,0.0149,0.5351,0.2232
2025-02-01,STORE_118,Central,Regional Mall Tier 2,Discount-Addicted,256366.18,567572.66,241135.75,554340.14,185115.74,84846.57,4158.16,847792.33,0.443441,375945.72,121556.21,63559.53,0.3434,0.4583,0.0225,0.565,0.201
2025-03-01,STORE_118,Central,Regional Mall Tier 2,Discount-Addicted,375945.72,847792.33,147351.67,315142.39,270149.98,100479.9,5862.26,786442.58,0.44998,353883.45,169413.94,100736.04,0.3729,0.3719,0.0217,0.5324,0.2761
2025-04-01,STORE_118,Central,Regional Mall Tier 2,Discount-Addicted,353883.45,786442.58,138505.21,309134.57,268345.43,116260.36,6615.75,704355.61,0.449433,316560.74,175827.92,92517.51,0.3448,0.4332,0.0247,0.552,0.276
2025-05-01,STORE_118,Central,Regional Mall Tier 2,Discount-Addicted,316560.74,704355.61,135716.86,310684.93,218305.33,95751.7,3353.47,697630.04,0.445576,310847.13,141430.47,76874.86,0.3521,0.4386,0.0154,0.5632,0.2451
2025-06-01,STORE_118,Central,Regional Mall Tier 2,Discount-Addicted,310847.13,697630.04,168466.05,361849.04,209340.39,94094.53,2795.05,753249.11,0.452405,340773.34,138539.84,70800.55,0.3382,0.4495,0.0134,0.5344,0.2173
2025-07-01,STORE_118,Central,Regional Mall Tier 2,Discount-Addicted,340773.34,753249.11,154880.39,337536.11,232159.43,91738.33,6089.27,760798.19,0.454401,345707.34,149946.39,82213.04,0.3541,0.3952,0.0262,0.5411,0.2395
2025-08-01,STORE_118,Central,Regional Mall Tier 2,Discount-Addicted,345707.34,760798.19,115653.41,262665.57,248976.53,92367.1,4287.03,677833.1,0.450784,305556.09,155804.66,93171.87,0.3742,0.371,0.0172,0.5597,0.2861
2025-09-01,STORE_118,Central,Regional Mall Tier 2,Discount-Addicted,305556.09,677833.1,152975.7,343069.21,219015.0,87101.96,3123.29,711662.06,0.449144,319638.5,138893.29,80121.71,0.3658,0.3977,0.0143,0.5541,0.2563
2025-10-01,STORE_118,Central,Regional Mall Tier 2,Discount-Addicted,319638.5,711662.06,271331.14,614210.34,226219.41,83188.77,3633.59,1012830.63,0.445721,451440.24,139529.4,86690.01,0.3832,0.3677,0.0161,0.5582,0.2249
2025-11-01,STORE_118,Central,Regional Mall Tier 2,Discount-Addicted,451440.24,1012830.63,225695.45,513631.74,323481.09,123607.69,7171.14,1072202.45,0.443598,475626.89,201508.8,121972.29,0.3771,0.3821,0.0222,0.5606,0.2631
2025-12-01,STORE_118,Central,Regional Mall Tier 2,Discount-Addicted,475626.89,1072202.45,91380.05,196053.2,326755.34,142825.77,8723.92,789950.62,0.447076,353168.14,213838.8,112916.54,0.3456,0.4371,0.0267,0.5339,0.2725
2026-01-01,STORE_118,Central,Regional Mall Tier 2,Discount-Addicted,353168.14,789950.62,50899.73,110321.3,183868.83,79753.61,3664.24,632985.24,0.448829,284101.94,119965.93,63902.9,0.3475,0.4338,0.0199,0.5386,0.2006
2026-02-01,STORE_118,Central,Regional Mall Tier 2,Discount-Addicted,284101.94,632985.24,207455.48,458811.17,186453.24,77010.43,2966.77,825365.97,0.450228,371602.95,119954.47,66498.77,0.3567,0.413,0.0159,0.5478,0.2028
2026-03-01,STORE_118,Central,Regional Mall Tier 2,Discount-Addicted,371602.95,825365.97,171532.32,392190.9,255357.36,114347.81,4896.56,842955.14,0.446086,376030.62,167104.65,88252.71,0.3456,0.4478,0.0192,0.5626,0.2361
2026-04-01,STORE_118,Central,Regional Mall Tier 2,Discount-Addicted,376030.62,842955.14,115520.0,251508.78,256059.87,120045.19,4455.4,713903.46,0.449125,320631.57,170919.05,85140.82,0.3325,0.4688,0.0174,0.5407,0.2444
2026-05-01,STORE_118,Central,Regional Mall Tier 2,Discount-Addicted,320631.57,713903.46,154462.0,334485.66,237015.92,104077.89,5805.63,701489.68,0.453165,317890.78,157202.79,79813.13,0.3367,0.4391,0.0245,0.5382,0.25
2026-06-01,STORE_118,Central,Regional Mall Tier 2,Discount-Addicted,317890.78,701489.68,183578.91,425525.69,232694.86,109434.17,6049.41,778836.93,0.444954,346546.4,154923.29,77771.57,0.3342,0.4703,0.026,0.5686,0.2341
2026-07-01,STORE_118,Central,Regional Mall Tier 2,Discount-Addicted,346546.4,778836.93,110292.27,255381.93,240092.71,88840.89,4380.35,700904.91,0.441723,309606.1,147232.57,92860.14,0.3868,0.37,0.0182,0.5681,0.283
2026-08-01,STORE_118,Central,Regional Mall Tier 2,Discount-Addicted,309606.1,700904.91,147669.1,332481.04,227671.27,102748.19,5066.85,697899.64,0.442502,308821.89,148453.31,79217.96,0.3479,0.4513,0.0223,0.5559,0.2562
2026-09-01,STORE_118,Central,Regional Mall Tier 2,Discount-Addicted,308821.89,697899.64,154261.06,341324.77,223930.89,88724.82,3601.48,722967.22,0.445604,322157.36,140925.59,83005.3,0.3707,0.3962,0.0161,0.5481,0.2631
2026-10-01,STORE_118,Central,Regional Mall Tier 2,Discount-Addicted,322157.36,722967.22,245967.23,538569.26,222673.31,98154.26,3636.2,937072.71,0.450343,422004.48,146120.11,76553.2,0.3438,0.4408,0.0163,0.5433,0.2057
2024-11-01,STORE_119,SouthEast,Regional Mall Tier 2,Normal,542678.87,1297755.82,290978.47,692600.89,453401.85,69145.74,6375.75,1461433.37,0.418848,612118.74,221538.6,231863.25,0.5114,0.1525,0.0141,0.5799,0.4016
2024-12-01,STORE_119,SouthEast,Regional Mall Tier 2,Normal,612118.74,1461433.37,136767.82,306638.66,511064.44,62644.98,12031.43,1182331.18,0.423561,500789.51,248097.05,262967.39,0.5145,0.1226,0.0235,0.554,0.4726
2025-01-01,STORE_119,SouthEast,Regional Mall Tier 2,Normal,500789.51,1182331.18,64755.71,165147.04,275245.07,54553.64,4064.92,1013614.59,0.419706,425420.52,140124.7,135120.37,0.4909,0.1982,0.0148,0.6079,0.2918
2025-02-01,STORE_119,SouthEast,Regional Mall Tier 2,Normal,425420.52,1013614.59,135674.1,332450.62,260462.31,58005.74,6702.98,1020894.18,0.416841,425550.14,135544.48,124917.83,0.4796,0.2227,0.0257,0.5919,0.2936
2025-03-01,STORE_119,SouthEast,Regional Mall Tier 2,Normal,425550.14,1020894.18,181497.5,470349.23,408673.99,53605.08,7073.32,1021891.02,0.407075,415986.1,191061.54,217612.45,0.5325,0.1312,0.0173,0.6141,0.5172
2025-04-01,STORE_119,SouthEast,Regional Mall Tier 2,Normal,415986.1,1021891.02,154874.11,385590.18,381723.92,67894.19,5451.45,952411.64,0.40559,386288.58,184571.63,197152.29,0.5165,0.1779,0.0143,0.5983,0.4915
2025-05-01,STORE_119,SouthEast,Regional Mall Tier 2,Normal,386288.58,952411.64,157989.74,394730.91,320629.95,39949.95,6946.82,979615.83,0.404024,395788.6,148489.72,172140.23,0.5369,0.1246,0.0217,0.5998,0.4402
2025-06-01,STORE_119,SouthEast,Regional Mall Tier 2,Normal,395788.6,979615.83,137075.23,330705.29,341726.47,41831.04,8841.18,917922.43,0.406667,373288.39,159575.44,182151.03,0.533,0.1224,0.0259,0.5855,0.4737
2025-07-01,STORE_119,SouthEast,Regional Mall Tier 2,Normal,373288.39,917922.43,175546.29,439845.23,366622.59,76804.06,5418.84,908922.17,0.404218,367403.07,181431.61,185190.98,0.5051,0.2095,0.0148,0.6009,0.5
2025-08-01,STORE_119,SouthEast,Regional Mall Tier 2,Normal,367403.07,908922.17,164598.55,410464.62,366828.27,50365.2,5546.62,896646.7,0.403219,361544.85,170456.77,196371.5,0.5353,0.1373,0.0151,0.599,0.5388
2025-09-01,STORE_119,SouthEast,Regional Mall Tier 2,Normal,361544.85,896646.7,177097.81,446433.8,345240.68,52925.61,4662.68,940251.53,0.40105,377088.03,161554.63,183686.05,0.5321,0.1533,0.0135,0.6033,0.4974
2025-10-01,STORE_119,SouthEast,Regional Mall Tier 2,Normal,377088.03,940251.53,313570.55,703672.5,343149.35,54548.24,9214.18,1237012.26,0.420128,519703.54,170955.04,172194.31,0.5018,0.159,0.0269,0.5544,0.384
2025-11-01,STORE_119,SouthEast,Regional Mall Tier 2,Normal,519703.54,1237012.26,311376.73,708077.57,447283.76,63112.7,10386.08,1424307.29,0.427271,608565.05,222515.22,224768.54,0.5025,0.1411,0.0232,0.5603,0.3984
2025-12-01,STORE_119,SouthEast,Regional Mall Tier 2,Normal,608565.05,1424307.29,118559.71,301548.92,502581.54,60701.6,8287.28,1154285.79,0.421312,486315.01,240809.75,261771.79,0.5209,0.1208,0.0165,0.6068,0.4782
2026-01-01,STORE_119,SouthEast,Regional Mall Tier 2,Normal,486315.01,1154285.79,70318.18,173782.43,289637.38,54550.39,7219.31,976661.14,0.41913,409347.95,147285.24,142352.14,0.4915,0.1883,0.0249,0.5954,0.3179
2026-02-01,STORE_119,SouthEast,Regional Mall Tier 2,Normal,409347.95,976661.14,166500.41,377790.32,264910.74,49466.09,5375.8,1034698.83,0.425152,439904.75,135943.61,128967.13,0.4868,0.1867,0.0203,0.5593,0.3037
2026-03-01,STORE_119,SouthEast,Regional Mall Tier 2,Normal,439904.75,1034698.83,215412.99,558558.46,413164.38,58385.19,7087.13,1114620.59,0.411307,458451.16,196866.58,216297.8,0.5235,0.1413,0.0172,0.6143,0.4815
2026-04-01,STORE_119,SouthEast,Regional Mall Tier 2,Normal,458451.16,1114620.59,132211.5,317114.9,381208.4,58467.12,6682.05,985377.92,0.41255,406517.79,184144.87,197063.53,0.5169,0.1534,0.0175,0.5831,0.4557
2026-05-01,STORE_119,SouthEast,Regional Mall Tier 2,Normal,406517.79,985377.92,155911.05,352023.5,361227.98,49219.2,7160.84,919793.4,0.420539,386808.57,175620.27,185607.71,0.5138,0.1363,0.0198,0.5571,0.4679
2026-06-01,STORE_119,SouthEast,Regional Mall Tier 2,Normal,386808.57,919793.4,170070.45,408230.28,339786.74,41650.55,4508.65,942077.74,0.419329,395040.64,161838.38,177948.36,0.5237,0.1226,0.0133,0.5834,0.4552
2026-07-01,STORE_119,SouthEast,Regional Mall Tier 2,Normal,395040.64,942077.74,165074.98,431205.23,337938.12,64656.6,8183.03,962505.22,0.407866,392573.29,167542.33,170395.79,0.5042,0.1913,0.0242,0.6172,0.4327
2026-08-01,STORE_119,SouthEast,Regional Mall Tier 2,Normal,392573.29,962505.22,168683.17,408765.5,355992.26,57882.77,8282.48,949113.21,0.409297,388468.82,172787.64,183204.62,0.5146,0.1626,0.0233,0.5873,0.4691
2026-09-01,STORE_119,SouthEast,Regional Mall Tier 2,Normal,388468.82,949113.21,140399.39,321538.25,338838.58,54172.97,4248.28,873391.63,0.416218,363521.46,165346.75,173491.83,0.512,0.1599,0.0125,0.5634,0.4614
2026-10-01,STORE_119,SouthEast,Regional Mall Tier 2,Normal,363521.46,873391.63,322787.04,807840.36,342448.48,49745.19,4603.45,1284434.87,0.408218,524328.93,161979.57,180468.91,0.527,0.1453,0.0134,0.6004,0.4065
2024-11-01,STORE_120,West,Regional Mall Tier 2,Normal,539055.96,1284498.36,216127.62,562796.66,465429.03,76971.56,9286.09,1295608.34,0.408805,529651.27,225532.31,239896.72,0.5154,0.1654,0.02,0.616,0.4489
2024-12-01,STORE_120,West,Regional Mall Tier 2,Normal,529651.27,1295608.34,123887.54,276402.1,460670.17,82904.29,10825.3,1017610.68,0.415734,423055.76,230483.05,230187.12,0.4997,0.18,0.0235,0.5518,0.4832
2025-01-01,STORE_120,West,Regional Mall Tier 2,Normal,423055.76,1017610.68,63328.82,147424.65,245707.75,57987.84,6631.78,854707.96,0.417485,356827.61,129556.97,116150.78,0.4727,0.236,0.027,0.5704,0.2979
2025-02-01,STORE_120,West,Regional Mall Tier 2,Normal,356827.61,854707.96,188300.79,448743.89,238594.02,44404.06,3189.74,1017264.03,0.418219,425439.2,119689.2,118904.82,0.4984,0.1861,0.0134,0.5804,0.304
2025-03-01,STORE_120,West,Regional Mall Tier 2,Normal,425439.2,1017264.03,217704.18,525161.79,364867.7,57013.66,9322.37,1111222.09,0.416969,463344.9,179798.48,185069.22,0.5072,0.1563,0.0256,0.5855,0.4165
2025-04-01,STORE_120,West,Regional Mall Tier 2,Normal,463344.9,1111222.09,96308.3,226391.74,377319.57,51503.46,4686.02,904104.78,0.418397,378274.45,181378.75,195940.82,0.5193,0.1365,0.0124,0.5746,0.4656
2025-05-01,STORE_120,West,Regional Mall Tier 2,Normal,378274.45,904104.78,174868.91,398363.78,317442.9,43661.19,6454.35,934910.12,0.424688,397045.53,156097.83,161345.07,0.5083,0.1375,0.0203,0.561,0.4162
2025-06-01,STORE_120,West,Regional Mall Tier 2,Normal,397045.53,934910.12,178238.82,421856.76,305425.7,48963.79,7552.69,994824.7,0.424011,421816.81,153467.54,151958.16,0.4975,0.1603,0.0247,0.5775,0.3711
2025-07-01,STORE_120,West,Regional Mall Tier 2,Normal,421816.81,994824.7,131176.46,319352.15,304179.59,55459.04,5251.08,949287.14,0.420791,399451.11,153542.16,150637.43,0.4952,0.1823,0.0173,0.5892,0.3668
2025-08-01,STORE_120,West,Regional Mall Tier 2,Normal,399451.11,949287.14,148404.5,363514.03,338859.66,54223.55,5790.78,913927.18,0.417318,381398.3,166457.31,172402.35,0.5088,0.16,0.0171,0.5918,0.4416
2025-09-01,STORE_120,West,Regional Mall Tier 2,Normal,381398.3,913927.18,129974.64,335409.27,307327.64,49677.27,6871.41,885460.13,0.409316,362432.67,148940.27,158387.37,0.5154,0.1616,0.0224,0.6125,0.4259
2025-10-01,STORE_120,West,Regional Mall Tier 2,Normal,362432.67,885460.13,268909.5,696797.14,309744.34,40201.93,6230.81,1226080.19,0.399014,489222.67,142119.5,167624.84,0.5412,0.1298,0.0201,0.6141,0.3936
2025-11-01,STORE_120,West,Regional Mall Tier 2,Normal,489222.67,1226080.19,316824.07,726973.25,457547.55,62777.64,11832.37,1420895.88,0.412711,586419.43,219627.31,237920.24,0.52,0.1372,0.0259,0.5642,0.4424
2025-12-01,STORE_120,West,Regional Mall Tier 2,Normal,586419.43,1420895.88,113162.22,282132.76,470221.26,83074.83,8947.54,1140785.01,0.410787,468619.4,230962.25,239259.01,0.5088,0.1767,0.019,0.5989,0.4536
2026-01-01,STORE_120,West,Regional Mall Tier 2,Normal,468619.4,1140785.01,62011.12,154424.38,257373.96,57761.59,6905.57,973168.27,0.409687,398694.44,131936.08,125437.88,0.4874,0.2244,0.0268,0.5984,0.2893
2026-02-01,STORE_120,West,Regional Mall Tier 2,Normal,398694.44,973168.27,192911.18,490712.75,260455.43,59921.77,5306.72,1138197.1,0.404135,459985.33,131620.29,128835.14,0.4947,0.2301,0.0204,0.6069,0.3001
2026-03-01,STORE_120,West,Regional Mall Tier 2,Normal,459985.33,1138197.1,140781.08,339872.04,371527.28,55862.3,5057.59,1045621.97,0.406454,424996.73,175769.68,195757.6,0.5269,0.1504,0.0136,0.5858,0.4424
2026-04-01,STORE_120,West,Regional Mall Tier 2,Normal,424996.73,1045621.97,108669.85,278298.02,369357.66,49466.16,8096.51,896999.66,0.403096,361576.79,172089.79,197267.87,0.5341,0.1339,0.0219,0.6095,0.5016
2026-05-01,STORE_120,West,Regional Mall Tier 2,Normal,361576.79,896999.66,161403.26,363557.85,310602.36,49553.58,5728.07,894673.5,0.41488,371182.11,151797.94,158804.42,0.5113,0.1595,0.0184,0.556,0.4334
2026-06-01,STORE_120,West,Regional Mall Tier 2,Normal,371182.11,894673.5,221026.66,510870.8,329464.15,55777.22,6918.9,1013384.03,0.421338,426976.87,165231.9,164232.25,0.4985,0.1693,0.021,0.5674,0.4115
2026-07-01,STORE_120,West,Regional Mall Tier 2,Normal,426976.87,1013384.03,137826.58,319399.64,318464.48,63606.0,5464.03,945249.16,0.423777,400575.13,164228.32,154236.16,0.4843,0.1997,0.0172,0.5685,0.3728
2026-08-01,STORE_120,West,Regional Mall Tier 2,Normal,400575.13,945249.16,143881.24,362383.19,330420.57,46874.02,8611.92,921725.84,0.416368,383777.22,160679.15,169741.42,0.5137,0.1419,0.0261,0.603,0.4328
2026-09-01,STORE_120,West,Regional Mall Tier 2,Normal,383777.22,921725.84,102584.31,269505.23,297102.39,47985.83,6223.66,839919.19,0.408285,342926.23,143435.3,153667.09,0.5172,0.1615,0.0209,0.6194,0.4229
2026-10-01,STORE_120,West,Regional Mall Tier 2,Normal,342926.23,839919.19,338952.95,858693.67,313582.36,54606.67,3865.56,1326558.27,0.401433,532524.21,149354.97,164227.39,0.5237,0.1741,0.0123,0.6053,0.3752
2024-11-01,STORE_121,NorthEast,Regional Mall Tier 2,Normal,477609.13,1160575.12,276957.1,660593.2,471940.86,74181.02,7938.09,1267108.35,0.414331,525002.08,229564.15,242376.71,0.5136,0.1572,0.0168,0.5807,0.4835
2024-12-01,STORE_121,NorthEast,Regional Mall Tier 2,Normal,525002.08,1267108.35,115396.26,298670.51,497784.19,71964.73,10375.19,985654.75,0.408997,403129.51,237268.83,260515.36,0.5234,0.1446,0.0208,0.6136,0.5614
2025-01-01,STORE_121,NorthEast,Regional Mall Tier 2,Normal,403129.51,985654.75,66692.46,166314.81,277191.35,57248.03,6454.08,811076.1,0.407842,330791.18,139030.79,138160.56,0.4984,0.2065,0.0233,0.599,0.3765
2025-02-01,STORE_121,NorthEast,Regional Mall Tier 2,Normal,330791.18,811076.1,225048.94,500301.6,265133.48,59593.53,4066.7,982583.99,0.42386,416477.73,139362.39,125771.09,0.4744,0.2248,0.0153,0.5502,0.3366
2025-03-01,STORE_121,NorthEast,Regional Mall Tier 2,Normal,416477.73,982583.99,191567.77,453353.65,370828.31,47372.64,9293.59,1008443.1,0.423448,427023.62,181021.88,189806.43,0.5118,0.1277,0.0251,0.5774,0.45
2025-04-01,STORE_121,NorthEast,Regional Mall Tier 2,Normal,427023.62,1008443.1,127483.13,310705.34,396369.62,61132.3,4760.51,856886.01,0.420352,360193.79,194312.96,202056.66,0.5098,0.1542,0.012,0.5897,0.5133
2025-05-01,STORE_121,NorthEast,Regional Mall Tier 2,Normal,360193.79,856886.01,157781.76,414294.69,334604.36,53831.94,5503.97,877240.43,0.407476,357454.37,160521.18,174083.18,0.5203,0.1609,0.0164,0.6192,0.4851
2025-06-01,STORE_121,NorthEast,Regional Mall Tier 2,Normal,357454.37,877240.43,152272.94,384116.7,339936.01,56199.0,7393.9,857828.22,0.40411,346657.15,163070.16,176865.85,0.5203,0.1653,0.0218,0.6036,0.5024
2025-07-01,STORE_121,NorthEast,Regional Mall Tier 2,Normal,346657.15,857828.22,199238.47,450359.29,368026.52,68666.15,6659.46,864835.38,0.417292,360888.51,185007.11,183019.41,0.4973,0.1866,0.0181,0.5576,0.5173
2025-08-01,STORE_121,NorthEast,Regional Mall Tier 2,Normal,360888.51,864835.38,140639.55,320733.5,336333.03,50134.83,4298.19,794802.83,0.423027,336223.33,165304.73,171028.3,0.5085,0.1491,0.0128,0.5615,0.4907
2025-09-01,STORE_121,NorthEast,Regional Mall Tier 2,Normal,336223.33,794802.83,152182.22,392440.37,343680.43,45949.32,7380.48,790232.97,0.411378,325084.34,163321.21,180359.22,0.5248,0.1337,0.0215,0.6122,0.5455
2025-10-01,STORE_121,NorthEast,Regional Mall Tier 2,Normal,325084.34,790232.97,289193.76,760706.62,333152.7,44480.84,5757.01,1167549.04,0.396068,462429.23,151848.87,181303.83,0.5442,0.1335,0.0173,0.6198,0.4604
2025-11-01,STORE_121,NorthEast,Regional Mall Tier 2,Normal,462429.23,1167549.04,239307.77,557142.22,426039.91,73202.57,8883.43,1216565.35,0.406877,494992.31,206744.69,219295.22,0.5147,0.1718,0.0209,0.5705,0.4581
2025-12-01,STORE_121,NorthEast,Regional Mall Tier 2,Normal,494992.31,1216565.35,120573.66,290731.8,484553.0,85063.54,10642.27,927038.34,0.408391,378593.73,236972.24,247580.76,0.5109,0.1756,0.022,0.5853,0.5668
2026-01-01,STORE_121,NorthEast,Regional Mall Tier 2,Normal,378593.73,927038.34,65129.57,166403.3,277338.83,66117.83,6932.1,743052.88,0.405804,301534.04,142189.26,135149.57,0.4873,0.2384,0.025,0.6086,0.3974
2026-02-01,STORE_121,NorthEast,Regional Mall Tier 2,Normal,301534.04,743052.88,223463.22,528395.77,262922.47,49541.69,4446.76,954537.73,0.412913,394140.73,130856.53,132065.94,0.5023,0.1884,0.0169,0.5771,0.3797
2026-03-01,STORE_121,NorthEast,Regional Mall Tier 2,Normal,394140.73,954537.73,220655.31,523027.27,393693.35,64847.94,5188.64,1013835.07,0.416087,421843.9,192952.14,200741.21,0.5099,0.1647,0.0132,0.5781,0.492
2026-04-01,STORE_121,NorthEast,Regional Mall Tier 2,Normal,421843.9,1013835.07,133931.1,311816.93,400060.48,67227.27,7299.96,851064.29,0.419247,356805.75,198969.25,201091.23,0.5027,0.168,0.0182,0.5705,0.5165
2026-05-01,STORE_121,NorthEast,Regional Mall Tier 2,Normal,356805.75,851064.29,146171.47,375628.87,328473.66,55301.64,4397.87,838519.99,0.410027,343815.77,159161.45,169312.21,0.5155,0.1684,0.0134,0.6109,0.4833
2026-06-01,STORE_121,NorthEast,Regional Mall Tier 2,Normal,343815.77,838519.99,180152.25,414527.49,344758.19,50437.77,5719.32,852132.2,0.418155,356323.31,167644.71,177113.48,0.5137,0.1463,0.0166,0.5654,0.5059
2026-07-01,STORE_121,NorthEast,Regional Mall Tier 2,Normal,356323.31,852132.2,165430.43,409403.58,356599.32,67251.71,5685.48,831999.27,0.413586,344103.38,177650.36,178948.96,0.5018,0.1886,0.0159,0.5959,0.511
2026-08-01,STORE_121,NorthEast,Regional Mall Tier 2,Normal,344103.38,831999.27,171477.09,390770.14,328192.96,56913.74,7102.39,830560.32,0.42165,350205.59,165374.88,162818.08,0.4961,0.1734,0.0216,0.5612,0.469
2026-09-01,STORE_121,NorthEast,Regional Mall Tier 2,Normal,350205.59,830560.32,157424.0,390427.84,313147.85,49260.88,5148.21,853431.22,0.415753,354816.66,152812.93,160334.92,0.512,0.1573,0.0164,0.5968,0.4548
2026-10-01,STORE_121,NorthEast,Regional Mall Tier 2,Normal,354816.66,853431.22,242003.5,632788.06,331039.64,53081.01,7376.78,1094721.85,0.401569,439606.78,157213.38,173826.26,0.5251,0.1603,0.0223,0.6176,0.4376
2024-11-01,STORE_122,Central,Regional Mall Tier 2,Normal,481087.98,1154720.15,244459.7,567666.08,388743.03,65824.94,6012.43,1261805.83,0.421246,531530.2,194017.48,194725.55,0.5009,0.1693,0.0155,0.5694,0.3846
2024-12-01,STORE_122,Central,Regional Mall Tier 2,Normal,531530.2,1261805.83,103827.17,245601.43,409335.71,53454.17,5251.32,1039366.06,0.42149,438082.6,197274.77,212060.94,0.5181,0.1306,0.0128,0.5773,0.4374
2025-01-01,STORE_122,Central,Regional Mall Tier 2,Normal,438082.6,1039366.06,60161.05,140640.71,234401.19,46373.88,3601.12,895630.58,0.422238,378169.23,120074.42,114326.77,0.4877,0.1978,0.0154,0.5722,0.2801
2025-02-01,STORE_122,Central,Regional Mall Tier 2,Normal,378169.23,895630.58,117225.91,303367.29,223732.88,45870.42,5833.04,923561.53,0.413174,381591.92,113803.22,109929.66,0.4913,0.205,0.0261,0.6136,0.2894
2025-03-01,STORE_122,Central,Regional Mall Tier 2,Normal,381591.92,923561.53,166739.58,393810.89,343143.38,46128.22,6422.6,921678.22,0.416231,383631.23,164700.27,178443.11,0.52,0.1344,0.0187,0.5766,0.4664
2025-04-01,STORE_122,Central,Regional Mall Tier 2,Normal,383631.23,921678.22,128702.61,331265.52,353365.97,55354.59,5915.37,838307.81,0.408904,342787.51,169546.33,183819.64,0.5202,0.1566,0.0167,0.6115,0.5061
2025-05-01,STORE_122,Central,Regional Mall Tier 2,Normal,342787.51,838307.81,131104.59,312005.13,293568.86,40127.85,3773.34,812842.89,0.411968,334865.24,139026.86,154542.0,0.5264,0.1367,0.0129,0.5798,0.4561
2025-06-01,STORE_122,Central,Regional Mall Tier 2,Normal,334865.24,812842.89,178634.78,422003.86,294071.72,36956.97,5166.31,898651.75,0.415841,373696.32,139803.7,154268.02,0.5246,0.1257,0.0176,0.5767,0.4354
2025-07-01,STORE_122,Central,Regional Mall Tier 2,Normal,373696.32,898651.75,130574.47,304340.16,274574.63,50943.33,5678.4,871795.55,0.419181,365439.72,138831.07,135743.56,0.4944,0.1855,0.0207,0.571,0.3673
2025-08-01,STORE_122,Central,Regional Mall Tier 2,Normal,365439.72,871795.55,111010.18,276077.01,284979.24,41550.43,7447.51,813895.38,0.415072,337825.28,138624.62,146354.62,0.5136,0.1458,0.0261,0.5979,0.4162
2025-09-01,STORE_122,Central,Regional Mall Tier 2,Normal,337825.28,813895.38,134826.25,346358.3,275464.13,38530.99,6258.96,839999.6,0.407369,342189.9,130461.63,145002.5,0.5264,0.1399,0.0227,0.6107,0.4265
2025-10-01,STORE_122,Central,Regional Mall Tier 2,Normal,342189.9,839999.6,297254.01,754693.4,305877.49,50549.82,7841.13,1230424.56,0.400982,493378.66,146065.25,159812.24,0.5225,0.1653,0.0256,0.6061,0.3825
2025-11-01,STORE_122,Central,Regional Mall Tier 2,Normal,493378.66,1230424.56,197791.83,503775.34,407622.4,64525.49,8249.88,1253802.13,0.398553,499706.54,191463.95,216158.45,0.5303,0.1583,0.0202,0.6074,0.4353
2025-12-01,STORE_122,Central,Regional Mall Tier 2,Normal,499706.54,1253802.13,95821.71,247910.83,413184.71,55753.18,9649.48,1023125.59,0.396566,405736.79,189791.46,223393.25,0.5407,0.1349,0.0234,0.6135,0.4934
2026-01-01,STORE_122,Central,Regional Mall Tier 2,Normal,405736.79,1023125.59,55962.43,141930.6,236551.0,44953.55,6528.67,877022.97,0.396289,347554.76,114144.46,122406.54,0.5175,0.19,0.0276,0.6057,0.325
2026-02-01,STORE_122,Central,Regional Mall Tier 2,Normal,347554.76,877022.97,133145.47,333023.0,230231.99,44052.04,5917.87,929844.07,0.397258,369387.83,111312.4,118919.59,0.5165,0.1913,0.0257,0.6002,0.3317
2026-03-01,STORE_122,Central,Regional Mall Tier 2,Normal,369387.83,929844.07,168388.39,402411.38,328605.47,45536.28,4996.23,953117.47,0.403658,384733.96,153042.26,175563.21,0.5343,0.1386,0.0152,0.5816,0.4656
2026-04-01,STORE_122,Central,Regional Mall Tier 2,Normal,384733.96,953117.47,117085.21,267046.83,324460.03,45628.48,5251.87,844823.92,0.411272,347452.26,154366.91,170093.12,0.5242,0.1406,0.0162,0.5616,0.4646
2026-05-01,STORE_122,Central,Regional Mall Tier 2,Normal,347452.26,844823.92,122285.74,295289.67,281590.67,35284.27,4499.55,818739.1,0.41201,337328.55,132409.45,149181.22,0.5298,0.1253,0.016,0.5859,0.4357
2026-06-01,STORE_122,Central,Regional Mall Tier 2,Normal,337328.55,818739.1,165807.45,422167.37,283556.17,44756.16,7666.78,904927.36,0.405458,366910.43,136225.57,147330.6,0.5196,0.1578,0.027,0.6072,0.4184
2026-07-01,STORE_122,Central,Regional Mall Tier 2,Normal,366910.43,904927.36,184947.12,416499.0,325394.25,72324.57,4312.17,919395.37,0.417623,383960.31,167897.24,157497.01,0.484,0.2223,0.0133,0.5559,0.4195
2026-08-01,STORE_122,Central,Regional Mall Tier 2,Normal,383960.31,919395.37,138291.46,313551.79,295204.39,39430.84,6021.28,892290.65,0.42358,377956.48,144295.29,150909.1,0.5112,0.1336,0.0204,0.559,0.3961
2026-09-01,STORE_122,Central,Regional Mall Tier 2,Normal,377956.48,892290.65,77020.67,187563.9,272924.87,36379.11,4693.31,765857.26,0.421332,322680.08,132297.07,140627.8,0.5153,0.1333,0.0172,0.5894,0.4014
2026-10-01,STORE_122,Central,Regional Mall Tier 2,Normal,322680.08,765857.26,286482.95,657771.14,283616.03,47279.25,5287.88,1087445.24,0.427895,465312.04,143850.99,139765.04,0.4928,0.1667,0.0186,0.5645,0.3547
2024-11-01,STORE_123,SouthEast,Regional Mall Tier 2,Normal,552402.69,1356827.13,311618.55,759569.0,488772.8,78187.02,10788.86,1538647.45,0.408251,628154.65,235866.59,252906.21,0.5174,0.16,0.0221,0.5897,0.4285
2024-12-01,STORE_123,SouthEast,Regional Mall Tier 2,Normal,628154.65,1538647.45,137880.85,320346.07,533910.11,66042.39,10087.78,1248953.24,0.41207,514656.19,251379.31,282530.8,0.5292,0.1237,0.0189,0.5696,0.4944
2025-01-01,STORE_123,SouthEast,Regional Mall Tier 2,Normal,514656.19,1248953.24,74864.03,187443.75,312406.25,70638.5,6886.69,1046465.55,0.410416,429486.14,160034.08,152372.17,0.4877,0.2261,0.022,0.6006,0.3228
2025-02-01,STORE_123,SouthEast,Regional Mall Tier 2,Normal,429486.14,1046465.55,179359.82,441191.07,281763.27,56259.82,7599.07,1142034.46,0.409265,467394.87,141451.09,140312.18,0.498,0.1997,0.027,0.5935,0.3129
2025-03-01,STORE_123,SouthEast,Regional Mall Tier 2,Normal,467394.87,1142034.46,162240.1,411413.43,396463.26,54481.41,7547.73,1094955.49,0.405315,443801.35,185833.62,210629.64,0.5313,0.1374,0.019,0.6057,0.4623
2025-04-01,STORE_123,SouthEast,Regional Mall Tier 2,Normal,443801.35,1094955.49,177672.18,428729.15,424434.53,67299.83,9525.18,1022425.1,0.407875,417022.08,204451.45,219983.08,0.5183,0.1586,0.0224,0.5856,0.5111
2025-05-01,STORE_123,SouthEast,Regional Mall Tier 2,Normal,417022.08,1022425.1,145222.87,342242.04,367434.18,49300.87,6074.75,941857.34,0.412002,388046.67,174198.28,193235.9,0.5259,0.1342,0.0165,0.5757,0.48
2025-06-01,STORE_123,SouthEast,Regional Mall Tier 2,Normal,388046.67,941857.34,229539.82,516633.64,365774.84,48718.8,9096.33,1034901.01,0.423442,438220.66,179365.83,186409.01,0.5096,0.1332,0.0249,0.5557,0.4512
2025-07-01,STORE_123,SouthEast,Regional Mall Tier 2,Normal,438220.66,1034901.01,188409.65,458938.45,378377.79,83452.96,6621.37,1025387.34,0.419476,430125.73,196504.58,181873.21,0.4807,0.2206,0.0175,0.5895,0.4189
2025-08-01,STORE_123,SouthEast,Regional Mall Tier 2,Normal,430125.73,1025387.34,128097.82,290071.03,348236.61,51546.87,6243.9,909430.99,0.424357,385923.12,172300.43,175936.18,0.5052,0.148,0.0179,0.5584,0.4312
2025-09-01,STORE_123,SouthEast,Regional Mall Tier 2,Normal,385923.12,909430.99,174330.08,436068.77,367052.42,44088.79,10001.03,924357.52,0.41639,384893.61,175359.59,191692.83,0.5222,0.1201,0.0272,0.6002,0.4974
2025-10-01,STORE_123,SouthEast,Regional Mall Tier 2,Normal,384893.61,924357.52,349614.31,895201.48,376287.37,55621.88,10382.17,1377267.58,0.403674,555966.55,178541.37,197746.0,0.5255,0.1478,0.0276,0.6095,0.4204
2025-11-01,STORE_123,SouthEast,Regional Mall Tier 2,Normal,555966.55,1377267.58,258107.64,669928.05,523517.42,67296.85,11838.32,1444543.04,0.397653,574427.37,239646.82,283870.6,0.5422,0.1285,0.0226,0.6147,0.5023
2025-12-01,STORE_123,SouthEast,Regional Mall Tier 2,Normal,574427.37,1444543.04,123079.59,312956.96,521594.93,75111.75,7373.23,1153420.09,0.396875,457763.04,239743.92,281851.01,0.5404,0.144,0.0141,0.6067,0.5461
2026-01-01,STORE_123,SouthEast,Regional Mall Tier 2,Normal,457763.04,1153420.09,70645.89,171591.86,285986.44,57901.41,6490.72,974633.38,0.398796,388679.5,139729.43,146257.01,0.5114,0.2025,0.0227,0.5883,0.3456
2026-02-01,STORE_123,SouthEast,Regional Mall Tier 2,Normal,388679.5,974633.38,214863.97,501250.1,287137.95,59860.17,7421.63,1121463.73,0.408937,458608.09,144935.38,142202.57,0.4952,0.2085,0.0258,0.5713,0.3357
2026-03-01,STORE_123,SouthEast,Regional Mall Tier 2,Normal,458608.09,1121463.73,234859.6,551598.56,429944.73,68631.07,8120.81,1166365.68,0.41449,483446.98,210020.71,219924.02,0.5115,0.1596,0.0189,0.5742,0.4669
2026-04-01,STORE_123,SouthEast,Regional Mall Tier 2,Normal,483446.98,1166365.68,108706.58,281401.34,416496.0,63975.22,8573.92,958721.88,0.409012,392128.41,200025.15,216470.85,0.5197,0.1536,0.0206,0.6137,0.4945
2026-05-01,STORE_123,SouthEast,Regional Mall Tier 2,Normal,392128.41,958721.88,164338.21,385759.74,342555.16,51592.22,4308.11,946026.13,0.413889,391550.14,164916.48,177638.68,0.5186,0.1506,0.0126,0.574,0.4533
2026-06-01,STORE_123,SouthEast,Regional Mall Tier 2,Normal,391550.14,946026.13,190255.48,466977.49,390383.08,49029.42,5140.82,968450.3,0.411751,398760.36,183045.26,207337.82,0.5311,0.1256,0.0132,0.5926,0.5247
2026-07-01,STORE_123,SouthEast,Regional Mall Tier 2,Normal,398760.36,968450.3,207623.28,494081.85,368425.57,70953.47,4958.31,1018194.8,0.414612,422155.96,184227.68,184197.89,0.5,0.1926,0.0135,0.5798,0.4488
2026-08-01,STORE_123,SouthEast,Regional Mall Tier 2,Normal,422155.96,1018194.8,179336.15,467367.04,392355.37,63912.73,5141.04,1024152.7,0.404892,414671.24,186820.87,205534.5,0.5238,0.1629,0.0131,0.6163,0.4912
2026-09-01,STORE_123,SouthEast,Regional Mall Tier 2,Normal,414671.24,1024152.7,144659.68,339688.84,348510.5,48419.33,4905.51,962006.2,0.410114,394532.5,164798.42,183712.08,0.5271,0.1389,0.0141,0.5741,0.4541
2026-10-01,STORE_123,SouthEast,Regional Mall Tier 2,Normal,394532.5,962006.2,339329.01,820690.09,348957.04,50921.7,4987.81,1377829.74,0.411658,567194.88,166666.63,182290.41,0.5224,0.1459,0.0143,0.5865,0.3791
2024-11-01,STORE_124,West,Regional Mall Tier 2,Normal,516768.04,1282129.52,241112.54,575270.9,466984.54,59943.93,9291.01,1321180.94,0.408033,539085.36,218795.22,248189.32,0.5315,0.1284,0.0199,0.5809,0.4701
2024-12-01,STORE_124,West,Regional Mall Tier 2,Normal,539085.36,1321180.94,113561.93,298321.94,497203.24,70764.3,6537.9,1044997.44,0.402992,421125.99,231521.3,265681.94,0.5344,0.1423,0.0131,0.6193,0.5534
2025-01-01,STORE_124,West,Regional Mall Tier 2,Normal,421125.99,1044997.44,75217.34,167517.75,279196.25,57342.77,3710.77,872265.4,0.40935,357062.01,139281.32,139914.93,0.5011,0.2054,0.0133,0.551,0.3596
2025-02-01,STORE_124,West,Regional Mall Tier 2,Normal,357062.01,872265.4,215933.58,553152.12,292089.31,58528.78,4347.94,1070451.49,0.401984,430304.79,142690.8,149398.51,0.5115,0.2004,0.0149,0.6096,0.3795
2025-03-01,STORE_124,West,Regional Mall Tier 2,Normal,430304.79,1070451.49,167557.78,411543.9,397675.77,52114.75,7923.61,1024281.26,0.403417,413212.77,184649.8,213025.97,0.5357,0.131,0.0199,0.5929,0.5051
2025-04-01,STORE_124,West,Regional Mall Tier 2,Normal,413212.77,1024281.26,167089.69,386372.62,408617.18,71829.22,5184.56,925022.92,0.411371,380527.84,199774.62,208842.56,0.5111,0.1758,0.0127,0.5675,0.5262
2025-05-01,STORE_124,West,Regional Mall Tier 2,Normal,380527.84,925022.92,142802.53,369157.04,354060.55,57809.66,5504.63,876805.12,0.404372,354555.6,168774.77,185285.78,0.5233,0.1633,0.0155,0.6132,0.5041
2025-06-01,STORE_124,West,Regional Mall Tier 2,Normal,354555.6,876805.12,230506.17,556457.49,367128.37,58416.64,8299.58,999418.02,0.408203,407965.21,177096.56,190031.81,0.5176,0.1591,0.0226,0.5858,0.4984
2025-07-01,STORE_124,West,Regional Mall Tier 2,Normal,407965.21,999418.02,149828.01,383464.85,362763.28,77184.55,5073.0,937862.04,0.403355,378291.68,179501.54,183261.74,0.5052,0.2128,0.014,0.6093,0.4662
2025-08-01,STORE_124,West,Regional Mall Tier 2,Normal,378291.68,937862.04,178774.75,429374.58,376213.83,55131.64,9050.2,926840.95,0.40744,377631.77,179434.66,196779.17,0.5231,0.1465,0.0241,0.5836,0.5206
2025-09-01,STORE_124,West,Regional Mall Tier 2,Normal,377631.77,926840.95,175317.91,434851.42,336338.17,45709.92,6009.55,973634.73,0.406075,395369.05,157580.63,178757.54,0.5315,0.1359,0.0179,0.5968,0.4625
2025-10-01,STORE_124,West,Regional Mall Tier 2,Normal,395369.05,973634.73,321576.63,761412.99,339819.02,57664.46,8697.5,1328866.74,0.413214,549106.09,167839.59,171979.43,0.5061,0.1697,0.0256,0.5777,0.3642
2025-11-01,STORE_124,West,Regional Mall Tier 2,Normal,549106.09,1328866.74,223214.0,565442.22,489730.59,79443.84,7142.63,1317991.9,0.407705,537352.48,234967.61,254762.98,0.5202,0.1622,0.0146,0.6052,0.469
2025-12-01,STORE_124,West,Regional Mall Tier 2,Normal,537352.48,1317991.9,134133.5,318891.77,531486.28,92800.36,7917.1,1004679.93,0.410222,412141.99,259343.99,272142.29,0.512,0.1746,0.0149,0.5794,0.5732
2026-01-01,STORE_124,West,Regional Mall Tier 2,Normal,412141.99,1004679.93,69272.35,165544.52,275907.54,56394.37,6176.84,831745.7,0.411386,342168.81,139245.53,136662.01,0.4953,0.2044,0.0224,0.5815,0.3623
2026-02-01,STORE_124,West,Regional Mall Tier 2,Normal,342168.81,831745.7,263283.43,638648.87,279568.58,62555.22,4739.93,1123530.84,0.411762,462627.02,142825.22,136743.36,0.4891,0.2238,0.017,0.5877,0.3398
2026-03-01,STORE_124,West,Regional Mall Tier 2,Normal,462627.02,1123530.84,209216.88,478813.99,417364.07,54544.5,5682.5,1124753.76,0.419288,471595.71,200248.19,217115.88,0.5202,0.1307,0.0136,0.5631,0.4648
2026-04-01,STORE_124,West,Regional Mall Tier 2,Normal,471595.71,1124753.76,141559.03,329707.59,413881.71,64343.98,9084.18,967151.48,0.421568,407720.37,205434.37,208447.34,0.5036,0.1555,0.0219,0.5707,0.4741
2026-05-01,STORE_124,West,Regional Mall Tier 2,Normal,407720.37,967151.48,134502.74,337058.34,342744.88,47418.83,9089.13,904956.98,0.415748,376234.39,165988.72,176756.16,0.5157,0.1384,0.0265,0.601,0.4509
2026-06-01,STORE_124,West,Regional Mall Tier 2,Normal,376234.39,904956.98,193317.41,487867.29,357493.34,49797.87,9024.51,976508.55,0.408919,399312.54,170239.26,187254.08,0.5238,0.1393,0.0252,0.6038,0.4829
2026-07-01,STORE_124,West,Regional Mall Tier 2,Normal,399312.54,976508.55,180704.24,458494.53,345059.01,80022.98,5896.28,1004024.81,0.404192,405818.81,174197.97,170861.04,0.4952,0.2319,0.0171,0.6059,0.4244
2026-08-01,STORE_124,West,Regional Mall Tier 2,Normal,405818.81,1004024.81,141423.55,358843.06,374790.74,67383.75,5412.37,915281.01,0.401537,367519.52,179722.84,195067.9,0.5205,0.1798,0.0144,0.6059,0.5045
2026-09-01,STORE_124,West,Regional Mall Tier 2,Normal,367519.52,915281.01,202639.85,451742.09,382173.63,60233.99,7199.72,917415.76,0.417081,382636.69,187522.68,194650.95,0.5093,0.1576,0.0188,0.5514,0.519
2026-10-01,STORE_124,West,Regional Mall Tier 2,Normal,382636.69,917415.76,341817.72,763572.03,332221.63,54004.77,8216.29,1286545.1,0.430969,554461.65,169992.76,162228.87,0.4883,0.1626,0.0247,0.5523,0.3462
2024-11-01,STORE_125,NorthEast,Regional Mall Tier 2,Normal,541343.38,1292061.01,241300.93,585182.09,466681.1,75333.76,8848.93,1326379.31,0.416912,552982.84,229661.47,237019.63,0.5079,0.1614,0.019,0.5876,0.4332
2024-12-01,STORE_125,NorthEast,Regional Mall Tier 2,Normal,552982.84,1326379.31,126274.11,301776.93,502961.55,77884.74,6086.44,1041223.51,0.417194,434392.16,244864.79,258096.76,0.5132,0.1549,0.0121,0.5816,0.5228
2025-01-01,STORE_125,NorthEast,Regional Mall Tier 2,Normal,434392.16,1041223.51,68586.04,158551.68,264252.8,52008.6,6807.18,876706.61,0.419227,367539.12,135439.08,128813.72,0.4875,0.1968,0.0258,0.5674,0.3213
2025-02-01,STORE_125,NorthEast,Regional Mall Tier 2,Normal,367539.12,876706.61,217141.15,570968.63,259086.93,54975.45,5014.05,1128598.81,0.403875,455813.18,128867.09,130219.84,0.5026,0.2122,0.0194,0.6197,0.3163
2025-03-01,STORE_125,NorthEast,Regional Mall Tier 2,Normal,455813.18,1128598.81,172715.65,446198.18,383726.39,58838.11,8360.69,1123871.8,0.399117,448556.75,179972.08,203754.31,0.531,0.1533,0.0218,0.6129,0.4506
2025-04-01,STORE_125,NorthEast,Regional Mall Tier 2,Normal,448556.75,1123871.8,144467.7,326325.4,395280.96,64021.85,7806.42,983087.97,0.408927,402010.98,191013.47,204267.49,0.5168,0.162,0.0197,0.5573,0.4803
2025-05-01,STORE_125,NorthEast,Regional Mall Tier 2,Normal,402010.98,983087.97,128785.18,328963.25,316210.61,47303.43,4203.18,944334.0,0.404554,382034.52,148761.64,167448.97,0.5295,0.1496,0.0133,0.6085,0.4271
2025-06-01,STORE_125,NorthEast,Regional Mall Tier 2,Normal,382034.52,944334.0,149914.9,344120.55,325374.24,41338.4,8509.76,913232.15,0.412859,377035.66,154913.76,170460.48,0.5239,0.127,0.0262,0.5644,0.4491
2025-07-01,STORE_125,NorthEast,Regional Mall Tier 2,Normal,377035.66,913232.15,200184.37,449159.78,330356.81,71643.04,7908.38,952483.7,0.423681,403549.56,173670.47,156686.34,0.4743,0.2169,0.0239,0.5543,0.4015
2025-08-01,STORE_125,NorthEast,Regional Mall Tier 2,Normal,403549.56,952483.7,143461.03,349673.42,354781.45,57459.07,6282.15,883634.45,0.42008,371197.45,175813.14,178968.31,0.5044,0.162,0.0177,0.5897,0.462
2025-09-01,STORE_125,NorthEast,Regional Mall Tier 2,Normal,371197.45,883634.45,175212.12,390215.82,318723.25,39607.78,8801.32,906717.92,0.428943,388930.6,157478.97,161244.28,0.5059,0.1243,0.0276,0.551,0.4243
2025-10-01,STORE_125,NorthEast,Regional Mall Tier 2,Normal,388930.6,906717.92,306942.93,746758.29,325987.28,43390.43,8463.94,1275634.56,0.420855,536857.03,159016.5,166970.78,0.5122,0.1331,0.026,0.589,0.3607
2025-11-01,STORE_125,NorthEast,Regional Mall Tier 2,Normal,536857.03,1275634.56,253396.3,578571.12,446618.56,54472.03,10592.49,1342522.6,0.426195,572176.52,218076.81,228541.75,0.5117,0.122,0.0237,0.562,0.4121
2025-12-01,STORE_125,NorthEast,Regional Mall Tier 2,Normal,572176.52,1342522.6,134478.78,324526.58,540877.64,86171.77,13266.76,1026733.01,0.423896,435227.91,271427.39,269450.25,0.4982,0.1593,0.0245,0.5856,0.5349
2026-01-01,STORE_125,NorthEast,Regional Mall Tier 2,Normal,435227.91,1026733.01,68707.07,161215.36,268692.26,62140.29,3313.67,853802.15,0.424206,362188.11,141746.87,126945.39,0.4725,0.2313,0.0123,0.5738,0.3184
2026-02-01,STORE_125,NorthEast,Regional Mall Tier 2,Normal,362188.11,853802.15,200214.64,479626.98,257654.74,54582.97,6580.22,1014611.2,0.421772,427934.35,134468.4,123186.34,0.4781,0.2118,0.0255,0.5826,0.3118
2026-03-01,STORE_125,NorthEast,Regional Mall Tier 2,Normal,427934.35,1014611.2,234062.43,582260.36,405745.59,72040.22,10631.71,1108454.04,0.414559,459519.11,202477.67,203267.92,0.501,0.1776,0.0262,0.598,0.4581
2026-04-01,STORE_125,NorthEast,Regional Mall Tier 2,Normal,459519.11,1108454.04,147964.36,355253.04,397871.32,67212.47,9823.15,988800.14,0.415031,410382.48,197100.99,200770.33,0.5046,0.1689,0.0247,0.5835,0.4616
2026-05-01,STORE_125,NorthEast,Regional Mall Tier 2,Normal,410382.48,988800.14,145440.33,338420.03,330618.01,43871.74,4189.94,948540.48,0.418787,397236.61,158586.2,172031.81,0.5203,0.1327,0.0127,0.5702,0.426
2026-06-01,STORE_125,NorthEast,Regional Mall Tier 2,Normal,397236.61,948540.48,189925.8,432572.86,339545.79,47985.24,7418.49,986163.82,0.425137,419254.75,167907.66,171638.13,0.5055,0.1413,0.0218,0.5609,0.4204
2026-07-01,STORE_125,NorthEast,Regional Mall Tier 2,Normal,419254.75,986163.82,160458.13,360778.3,350453.86,83988.62,7596.43,904903.21,0.430392,389462.95,190249.93,160203.93,0.4571,0.2397,0.0217,0.5552,0.3962
2026-08-01,STORE_125,NorthEast,Regional Mall Tier 2,Normal,389462.95,904903.21,171439.66,426641.2,342974.26,49449.26,6556.77,932564.12,0.421242,392835.3,168067.31,174906.95,0.51,0.1442,0.0191,0.5982,0.4472
2026-09-01,STORE_125,NorthEast,Regional Mall Tier 2,Normal,392835.3,932564.12,134033.29,325913.65,338048.54,60794.19,5951.27,853683.77,0.418655,357399.37,169469.22,168579.32,0.4987,0.1798,0.0176,0.5887,0.4494
2026-10-01,STORE_125,NorthEast,Regional Mall Tier 2,Normal,357399.37,853683.77,329580.35,839442.14,325858.69,51370.57,6623.3,1309273.35,0.405746,531232.93,155746.79,170111.9,0.522,0.1576,0.0203,0.6074,0.3829
2024-11-01,STORE_126,Central,Regional Mall Tier 2,Shrinkage Anomaly,421642.95,992598.29,249468.83,613394.38,422936.42,72414.35,22389.87,1088252.03,0.41788,454758.46,216353.32,206583.1,0.4884,0.1712,0.0529,0.5933,0.4714
2024-12-01,STORE_126,Central,Regional Mall Tier 2,Shrinkage Anomaly,454758.46,1088252.03,91652.02,237702.42,396170.7,60637.04,18293.59,850853.12,0.412088,350626.72,195783.76,200386.94,0.5058,0.1531,0.0462,0.6144,0.4976
2025-01-01,STORE_126,Central,Regional Mall Tier 2,Shrinkage Anomaly,350626.72,850853.12,61080.71,136120.94,226868.24,41756.73,12360.04,705989.05,0.417141,294497.04,117210.39,109657.85,0.4834,0.1841,0.0545,0.5513,0.34
2025-02-01,STORE_126,Central,Regional Mall Tier 2,Shrinkage Anomaly,294497.04,705989.05,173944.07,401163.16,220778.22,50491.05,10497.68,825385.26,0.423105,349224.24,119216.87,101561.35,0.46,0.2287,0.0475,0.5664,0.3155
2025-03-01,STORE_126,Central,Regional Mall Tier 2,Shrinkage Anomaly,349224.24,825385.26,192280.22,439802.47,328620.52,54538.52,20553.08,861475.61,0.428003,368714.36,172790.1,155830.42,0.4742,0.166,0.0625,0.5628,0.4341
2025-04-01,STORE_126,Central,Regional Mall Tier 2,Shrinkage Anomaly,368714.36,861475.61,117893.93,275435.12,324203.62,39915.03,20376.08,752416.0,0.428009,322041.0,164567.29,159636.33,0.4924,0.1231,0.0628,0.572,0.4622
2025-05-01,STORE_126,Central,Regional Mall Tier 2,Shrinkage Anomaly,322041.0,752416.0,138554.56,348240.11,292532.52,39365.15,16334.13,752424.31,0.418474,314869.73,145725.83,146806.69,0.5018,0.1346,0.0558,0.6021,0.461
2025-06-01,STORE_126,Central,Regional Mall Tier 2,Shrinkage Anomaly,314869.73,752424.31,137916.76,312253.47,281851.58,43778.95,13509.84,725537.41,0.42528,308556.77,144229.72,137621.86,0.4883,0.1553,0.0479,0.5583,0.4415
2025-07-01,STORE_126,Central,Regional Mall Tier 2,Shrinkage Anomaly,308556.77,725537.41,142268.93,367373.13,286374.57,61694.32,13858.79,730982.86,0.4125,301530.5,149295.2,137079.37,0.4787,0.2154,0.0484,0.6127,0.4494
2025-08-01,STORE_126,Central,Regional Mall Tier 2,Shrinkage Anomaly,301530.5,730982.86,132073.74,342221.49,287389.55,40006.43,14226.22,731582.15,0.404028,295579.42,138024.82,149364.73,0.5197,0.1392,0.0495,0.6141,0.5003
2025-09-01,STORE_126,Central,Regional Mall Tier 2,Shrinkage Anomaly,295579.42,731582.15,130098.79,314495.28,275463.3,44957.93,15602.23,710053.97,0.406928,288940.85,136737.36,138725.94,0.5036,0.1632,0.0566,0.5863,0.4747
2025-10-01,STORE_126,Central,Regional Mall Tier 2,Shrinkage Anomaly,288940.85,710053.97,240543.17,608171.23,273290.81,39994.98,13283.8,991655.61,0.401664,398312.67,131171.35,142119.46,0.52,0.1463,0.0486,0.6045,0.4136
2025-11-01,STORE_126,Central,Regional Mall Tier 2,Shrinkage Anomaly,398312.67,991655.61,221842.12,575235.47,432658.27,52423.2,21833.09,1059976.52,0.395787,419524.7,200630.09,232028.18,0.5363,0.1212,0.0505,0.6143,0.5674
2025-12-01,STORE_126,Central,Regional Mall Tier 2,Shrinkage Anomaly,419524.7,1059976.52,109742.05,249723.46,416205.77,54025.91,21819.84,817648.46,0.404113,330422.35,198844.4,217361.37,0.5222,0.1298,0.0524,0.5605,0.5797
2026-01-01,STORE_126,Central,Regional Mall Tier 2,Shrinkage Anomaly,330422.35,817648.46,58842.21,134533.93,224223.21,40548.16,10100.07,677310.95,0.408813,276893.54,112371.02,111852.19,0.4988,0.1808,0.045,0.5626,0.3683
2026-02-01,STORE_126,Central,Regional Mall Tier 2,Shrinkage Anomaly,276893.54,677310.95,186471.24,430232.44,248653.02,53592.79,13075.5,792222.08,0.418372,331443.28,131921.5,116731.52,0.4695,0.2155,0.0526,0.5666,0.3838
2026-03-01,STORE_126,Central,Regional Mall Tier 2,Shrinkage Anomaly,331443.28,792222.08,188091.14,458440.47,336512.4,58592.62,20738.33,834819.2,0.415407,346790.03,172744.39,163768.01,0.4867,0.1741,0.0616,0.5897,0.4829
2026-04-01,STORE_126,Central,Regional Mall Tier 2,Shrinkage Anomaly,346790.03,834819.2,96797.96,249128.69,347947.8,47941.38,17757.76,670300.95,0.409234,274309.73,169278.26,178669.54,0.5135,0.1378,0.051,0.6115,0.5753
2026-05-01,STORE_126,Central,Regional Mall Tier 2,Shrinkage Anomaly,274309.73,670300.95,166762.55,371754.97,274795.02,40527.73,14461.63,712271.54,0.423271,301484.04,139588.24,135206.78,0.492,0.1475,0.0526,0.5514,0.4696
2026-06-01,STORE_126,Central,Regional Mall Tier 2,Shrinkage Anomaly,301484.04,712271.54,154482.91,351439.73,271419.33,43211.12,15799.06,733281.76,0.428657,314326.13,141640.82,129778.51,0.4781,0.1592,0.0582,0.5604,0.4215
2026-07-01,STORE_126,Central,Regional Mall Tier 2,Shrinkage Anomaly,314326.13,733281.76,140034.14,366442.2,289740.84,66486.88,15477.44,728018.8,0.413158,300787.13,153573.14,136167.7,0.47,0.2295,0.0534,0.6179,0.4427
2026-08-01,STORE_126,Central,Regional Mall Tier 2,Shrinkage Anomaly,300787.13,728018.8,131383.93,339838.65,294967.18,38325.64,17158.4,717406.23,0.404709,290340.45,141830.61,153136.57,0.5192,0.1299,0.0582,0.6134,0.5181
2026-09-01,STORE_126,Central,Regional Mall Tier 2,Shrinkage Anomaly,290340.45,717406.23,142710.08,329317.12,277192.34,33936.64,15221.49,720372.88,0.41372,298032.77,135017.76,142174.58,0.5129,0.1224,0.0549,0.5666,0.4833
2026-10-01,STORE_126,Central,Regional Mall Tier 2,Shrinkage Anomaly,298032.77,720372.88,237719.01,610336.44,271586.69,40073.1,15675.55,1003373.98,0.402606,403964.55,131787.23,139799.46,0.5148,0.1476,0.0577,0.6105,0.3983
2024-11-01,STORE_127,SouthEast,Regional Mall Tier 2,Normal,481595.71,1117305.29,287012.11,648621.91,412674.76,62733.66,8418.05,1282100.73,0.435243,558025.64,210582.18,202092.58,0.4897,0.152,0.0204,0.5575,0.3888
2024-12-01,STORE_127,SouthEast,Regional Mall Tier 2,Normal,558025.64,1282100.73,120423.94,268395.82,447326.37,66533.13,8902.94,1027734.11,0.437569,449704.82,228744.76,218581.61,0.4886,0.1487,0.0199,0.5513,0.4338
2025-01-01,STORE_127,SouthEast,Regional Mall Tier 2,Normal,449704.82,1027734.11,60046.77,137450.86,229084.76,47563.43,3227.88,885308.9,0.437486,387309.85,122441.74,106643.02,0.4655,0.2076,0.0141,0.5631,0.2548
2025-02-01,STORE_127,SouthEast,Regional Mall Tier 2,Normal,387309.85,885308.9,149887.61,339111.01,248978.17,53614.77,5042.23,916784.74,0.438736,402226.74,134970.72,114007.45,0.4579,0.2153,0.0203,0.558,0.2888
2025-03-01,STORE_127,SouthEast,Regional Mall Tier 2,Normal,402226.74,916784.74,160838.64,382008.65,352574.45,48624.44,8536.18,889058.32,0.43353,385433.1,177632.28,174942.17,0.4962,0.1379,0.0242,0.579,0.4442
2025-04-01,STORE_127,SouthEast,Regional Mall Tier 2,Normal,385433.1,889058.32,161286.33,371975.17,366190.23,60055.45,7662.97,827124.84,0.433549,358598.9,188120.53,178069.7,0.4863,0.164,0.0209,0.5664,0.4787
2025-05-01,STORE_127,SouthEast,Regional Mall Tier 2,Normal,358598.9,827124.84,140648.1,316991.94,298730.09,41531.62,6710.54,797144.53,0.43636,347842.13,151404.87,147325.22,0.4932,0.139,0.0225,0.5563,0.4171
2025-06-01,STORE_127,SouthEast,Regional Mall Tier 2,Normal,347842.13,797144.53,169724.62,408525.13,303343.64,43064.59,3876.33,855385.1,0.429277,367197.5,150369.25,152974.39,0.5043,0.142,0.0128,0.5845,0.4279
2025-07-01,STORE_127,SouthEast,Regional Mall Tier 2,Normal,367197.5,855385.1,162762.8,365705.07,311321.45,74343.8,4992.35,830432.57,0.434006,360412.61,169547.69,141773.76,0.4554,0.2388,0.016,0.5549,0.3897
2025-08-01,STORE_127,SouthEast,Regional Mall Tier 2,Normal,360412.61,830432.57,149754.74,375031.45,314244.01,50450.28,5029.8,835739.93,0.423212,353695.52,156471.83,157772.18,0.5021,0.1605,0.016,0.6007,0.4419
2025-09-01,STORE_127,SouthEast,Regional Mall Tier 2,Normal,353695.52,835739.93,139910.52,318868.22,289784.77,51989.92,4602.36,808231.1,0.42751,345526.53,148079.51,141705.26,0.489,0.1794,0.0159,0.5612,0.4053
2025-10-01,STORE_127,SouthEast,Regional Mall Tier 2,Normal,345526.53,808231.1,252131.26,648726.22,299329.16,36586.9,6244.06,1114797.2,0.41021,457300.45,140357.34,158971.82,0.5311,0.1222,0.0209,0.6113,0.396
2025-11-01,STORE_127,SouthEast,Regional Mall Tier 2,Normal,457300.45,1114797.2,236477.23,568791.28,435419.01,74421.87,6553.18,1167194.42,0.412083,480980.62,212797.06,222621.95,0.5113,0.1709,0.0151,0.5842,0.4745
2025-12-01,STORE_127,SouthEast,Regional Mall Tier 2,Normal,480980.62,1167194.42,102148.08,257841.83,429736.38,71953.38,11000.28,912346.21,0.409203,373334.54,209794.16,219942.22,0.5118,0.1674,0.0256,0.6038,0.5149
2026-01-01,STORE_127,SouthEast,Regional Mall Tier 2,Normal,373334.54,912346.21,57428.24,143961.94,239936.56,52456.25,6271.18,757644.16,0.4078,308967.52,121795.26,118141.3,0.4924,0.2186,0.0261,0.6011,0.3463
2026-02-01,STORE_127,SouthEast,Regional Mall Tier 2,Normal,308967.52,757644.16,186764.21,442376.67,231044.14,55146.21,4379.16,909451.32,0.413103,375696.71,120035.02,111009.12,0.4805,0.2387,0.019,0.5778,0.3243
2026-03-01,STORE_127,SouthEast,Regional Mall Tier 2,Normal,375696.71,909451.32,169066.91,433506.12,344610.14,61752.55,7728.63,928866.12,0.405645,376789.65,167973.97,176636.17,0.5126,0.1792,0.0224,0.61,0.4695
2026-04-01,STORE_127,SouthEast,Regional Mall Tier 2,Normal,376789.65,928866.12,122744.78,294134.24,351846.62,62767.8,9086.87,799299.07,0.40845,326473.66,173060.77,178785.85,0.5081,0.1784,0.0258,0.5827,0.5084
2026-05-01,STORE_127,SouthEast,Regional Mall Tier 2,Normal,326473.66,799299.07,143081.82,328980.44,289521.1,37105.5,6018.88,795634.03,0.416169,331118.59,138436.89,151084.21,0.5218,0.1282,0.0208,0.5651,0.4595
2026-06-01,STORE_127,SouthEast,Regional Mall Tier 2,Normal,331118.59,795634.03,187758.67,439885.28,304925.92,53049.8,4192.22,873351.37,0.419967,366778.7,152098.56,152827.36,0.5012,0.174,0.0137,0.5732,0.438
2026-07-01,STORE_127,SouthEast,Regional Mall Tier 2,Normal,366778.7,873351.37,124212.0,306996.37,304129.22,59723.69,5825.65,810669.18,0.415971,337215.06,153775.64,150353.58,0.4944,0.1964,0.0192,0.5954,0.4271
2026-08-01,STORE_127,SouthEast,Regional Mall Tier 2,Normal,337215.06,810669.18,142973.4,317764.45,315875.01,50977.53,4679.24,756901.85,0.425535,322088.53,158099.93,157775.08,0.4995,0.1614,0.0148,0.5501,0.4786
2026-09-01,STORE_127,SouthEast,Regional Mall Tier 2,Normal,322088.53,756901.85,162267.96,378865.34,287280.94,39178.34,8019.98,801287.93,0.426458,341715.29,142641.2,144639.74,0.5035,0.1364,0.0279,0.5717,0.4358
2026-10-01,STORE_127,SouthEast,Regional Mall Tier 2,Normal,341715.29,801287.93,240748.75,618742.95,286586.64,48192.05,4017.91,1081234.28,0.410177,443497.46,138966.58,147620.06,0.5151,0.1682,0.014,0.6109,0.376
2024-11-01,STORE_128,West,Regional Mall Tier 2,Normal,432760.16,1070407.88,171947.01,419944.04,342304.61,55168.47,9126.84,1083752.0,0.405748,439730.11,164977.06,177327.55,0.518,0.1612,0.0267,0.5905,0.4065
2024-12-01,STORE_128,West,Regional Mall Tier 2,Normal,439730.11,1083752.0,95103.31,221920.7,369867.83,51937.09,9615.96,874251.82,0.409623,358113.55,176719.87,193147.96,0.5222,0.1404,0.026,0.5715,0.4842
2025-01-01,STORE_128,West,Regional Mall Tier 2,Normal,358113.55,874251.82,50770.44,114200.87,190334.79,41798.86,2717.32,753601.72,0.413661,311735.38,97148.61,93186.18,0.4896,0.2196,0.0143,0.5554,0.2782
2025-02-01,STORE_128,West,Regional Mall Tier 2,Normal,311735.38,753601.72,184595.27,433679.5,194493.93,35552.26,4699.2,952535.83,0.41804,398197.76,98132.89,96361.04,0.4954,0.1828,0.0242,0.5744,0.2715
2025-03-01,STORE_128,West,Regional Mall Tier 2,Normal,398197.76,952535.83,106785.65,267560.19,289295.34,49583.63,6844.0,874373.05,0.413888,361892.73,143090.68,146204.66,0.5054,0.1714,0.0237,0.6009,0.3847
2025-04-01,STORE_128,West,Regional Mall Tier 2,Normal,361892.73,874373.05,91755.82,231882.76,289425.16,46341.35,5326.4,765162.9,0.410076,313774.66,139873.89,149551.27,0.5167,0.1601,0.0184,0.6043,0.4427
2025-05-01,STORE_128,West,Regional Mall Tier 2,Normal,313774.66,765162.9,119966.45,270225.94,266095.74,37396.8,4783.72,727112.58,0.418916,304599.21,129141.9,136953.84,0.5147,0.1405,0.018,0.5561,0.4429
2025-06-01,STORE_128,West,Regional Mall Tier 2,Normal,304599.21,727112.58,137196.19,354587.9,241700.5,34027.66,5969.34,800002.98,0.408427,326742.61,115052.79,126647.71,0.524,0.1408,0.0247,0.6131,0.4012
2025-07-01,STORE_128,West,Regional Mall Tier 2,Normal,326742.61,800002.98,126455.36,302001.52,267659.3,53715.47,5740.2,774889.53,0.411249,318672.35,134525.62,133133.68,0.4974,0.2007,0.0214,0.5813,0.4126
2025-08-01,STORE_128,West,Regional Mall Tier 2,Normal,318672.35,774889.53,132308.96,306377.08,259621.71,40694.85,3406.9,777543.15,0.417086,324302.47,126678.84,132942.87,0.5121,0.1567,0.0131,0.5681,0.4135
2025-09-01,STORE_128,West,Regional Mall Tier 2,Normal,324302.47,777543.15,93572.96,242198.08,244183.94,33938.54,6509.48,735109.27,0.409786,301237.31,116638.12,127545.82,0.5223,0.139,0.0267,0.6137,0.4078
2025-10-01,STORE_128,West,Regional Mall Tier 2,Normal,301237.31,735109.27,268375.4,618084.06,254515.08,31298.25,3588.48,1063791.52,0.42094,447792.02,121820.69,132694.39,0.5214,0.123,0.0141,0.5658,0.3543
2025-11-01,STORE_128,West,Regional Mall Tier 2,Normal,447792.02,1063791.52,185752.78,477295.14,350173.82,43524.94,4406.21,1142981.69,0.411103,469882.79,163662.01,186511.81,0.5326,0.1243,0.0126,0.6108,0.4065
2025-12-01,STORE_128,West,Regional Mall Tier 2,Normal,469882.79,1142981.69,83862.45,203620.01,339366.69,51511.8,6049.46,949673.75,0.411217,390521.8,163223.44,176143.25,0.519,0.1518,0.0178,0.5881,0.4094
2026-01-01,STORE_128,West,Regional Mall Tier 2,Normal,390521.8,949673.75,47245.06,122567.2,204278.67,37569.49,5497.92,824894.87,0.408273,336782.17,100984.69,103293.98,0.5057,0.1839,0.0269,0.6145,0.284
2026-02-01,STORE_128,West,Regional Mall Tier 2,Normal,336782.17,824894.87,113759.28,284155.9,191771.89,37654.28,4322.74,875301.86,0.406241,355583.15,94958.3,96813.59,0.5048,0.1963,0.0225,0.5997,0.2797
2026-03-01,STORE_128,West,Regional Mall Tier 2,Normal,355583.15,875301.86,125378.07,298620.68,291208.78,35021.95,5575.28,842116.53,0.409704,345018.84,135942.38,155266.4,0.5332,0.1203,0.0191,0.5801,0.4432
2026-04-01,STORE_128,West,Regional Mall Tier 2,Normal,345018.84,842116.53,128989.72,315356.47,280004.38,44612.95,4742.67,828113.0,0.40952,339128.99,134879.57,145124.81,0.5183,0.1593,0.0169,0.591,0.4242
2026-05-01,STORE_128,West,Regional Mall Tier 2,Normal,339128.99,828113.0,99883.11,240320.69,268560.27,37365.84,6443.71,756063.87,0.410893,310661.48,128350.62,140209.65,0.5221,0.1391,0.024,0.5844,0.4316
2026-06-01,STORE_128,West,Regional Mall Tier 2,Normal,310661.48,756063.87,121368.84,291433.22,237724.83,42154.06,4053.99,763564.21,0.412441,314924.87,117105.45,120619.38,0.5074,0.1773,0.0171,0.5835,0.3856
2026-07-01,STORE_128,West,Regional Mall Tier 2,Normal,314924.87,763564.21,132507.42,337198.42,263356.28,54306.99,4039.79,779059.57,0.406475,316668.1,130764.19,132592.09,0.5035,0.2062,0.0153,0.607,0.4199
2026-08-01,STORE_128,West,Regional Mall Tier 2,Normal,316668.1,779059.57,119240.41,296372.91,259372.84,40379.72,4922.88,770757.04,0.405333,312413.43,123495.08,135877.76,0.5239,0.1557,0.019,0.5977,0.432
2026-09-01,STORE_128,West,Regional Mall Tier 2,Normal,312413.43,770757.04,109215.99,264984.46,248065.48,36138.6,3039.96,748497.46,0.40708,304698.18,116931.24,131134.24,0.5286,0.1457,0.0123,0.5878,0.425
2026-10-01,STORE_128,West,Regional Mall Tier 2,Normal,304698.18,748497.46,258942.92,613829.67,232891.91,31784.83,5272.31,1092378.08,0.413734,451953.99,111687.11,121204.8,0.5204,0.1365,0.0226,0.5782,0.3204
2024-11-01,STORE_129,NorthEast,Regional Mall Tier 2,Discount-Addicted,442878.04,1024185.81,270732.69,592787.13,336156.88,144962.14,5644.05,1130209.87,0.441325,498789.97,214820.76,121336.12,0.361,0.4312,0.0168,0.5433,0.2577
2024-12-01,STORE_129,NorthEast,Regional Mall Tier 2,Discount-Addicted,498789.97,1130209.87,98583.8,217623.93,362706.55,131042.41,5066.12,849018.72,0.44321,376293.81,221079.96,141626.59,0.3905,0.3613,0.014,0.547,0.3237
2025-01-01,STORE_129,NorthEast,Regional Mall Tier 2,Discount-Addicted,376293.81,849018.72,53663.29,115520.25,192533.75,78434.57,3239.07,690331.58,0.445764,307725.22,122231.88,70301.87,0.3651,0.4074,0.0168,0.5355,0.2056
2025-02-01,STORE_129,NorthEast,Regional Mall Tier 2,Discount-Addicted,307725.22,690331.58,181743.87,420686.76,203778.36,91244.73,5071.92,810923.33,0.440559,357259.54,132209.55,71568.81,0.3512,0.4478,0.0249,0.568,0.2152
2025-03-01,STORE_129,NorthEast,Regional Mall Tier 2,Discount-Addicted,357259.54,810923.33,212335.01,462460.01,275798.34,100057.23,4539.46,892988.31,0.447308,399440.81,170153.74,105644.6,0.3831,0.3628,0.0165,0.5409,0.2792
2025-04-01,STORE_129,NorthEast,Regional Mall Tier 2,Discount-Addicted,399440.81,892988.31,96507.91,217073.36,286192.42,106988.03,4777.7,712103.52,0.446776,318150.64,177798.08,108394.34,0.3787,0.3738,0.0167,0.5554,0.3021
2025-05-01,STORE_129,NorthEast,Regional Mall Tier 2,Discount-Addicted,318150.64,712103.52,162729.4,352897.28,224132.38,99403.93,4785.57,736678.92,0.45153,332632.79,148247.25,75885.13,0.3386,0.4435,0.0214,0.5389,0.2332
2025-06-01,STORE_129,NorthEast,Regional Mall Tier 2,Discount-Addicted,332632.79,736678.92,175308.16,384120.91,240110.98,96912.67,3456.58,780319.6,0.453195,353636.99,154303.96,85807.02,0.3574,0.4036,0.0144,0.5436,0.2501
2025-07-01,STORE_129,NorthEast,Regional Mall Tier 2,Discount-Addicted,353636.99,780319.6,177369.7,384750.69,260304.3,97116.02,6018.4,801631.57,0.455772,365361.41,165645.28,94659.02,0.3636,0.3731,0.0231,0.539,0.2633
2025-08-01,STORE_129,NorthEast,Regional Mall Tier 2,Discount-Addicted,365361.41,801631.57,117240.05,260681.14,248889.0,97625.67,5742.34,710055.7,0.454293,322573.49,160027.97,88861.03,0.357,0.3922,0.0231,0.5503,0.2583
2025-09-01,STORE_129,NorthEast,Regional Mall Tier 2,Discount-Addicted,322573.49,710055.7,165511.45,374805.15,240214.38,100856.28,3991.37,739798.82,0.449906,332839.61,155245.33,84969.05,0.3537,0.4199,0.0166,0.5584,0.2593
2025-10-01,STORE_129,NorthEast,Regional Mall Tier 2,Discount-Addicted,332839.61,739798.82,253311.94,561199.83,236872.71,88733.19,5429.08,969963.67,0.45054,437007.15,149144.4,87728.31,0.3704,0.3746,0.0229,0.5486,0.2279
2025-11-01,STORE_129,NorthEast,Regional Mall Tier 2,Discount-Addicted,437007.15,969963.67,279068.58,644226.46,340973.3,136006.59,8537.44,1128672.8,0.443613,500693.93,215381.8,125591.5,0.3683,0.3989,0.025,0.5668,0.2679
2025-12-01,STORE_129,NorthEast,Regional Mall Tier 2,Discount-Addicted,500693.93,1128672.8,96069.94,208234.07,347056.78,136425.05,9050.0,844375.04,0.446377,376909.21,219854.66,127202.12,0.3665,0.3931,0.0261,0.5386,0.2899
2026-01-01,STORE_129,NorthEast,Regional Mall Tier 2,Discount-Addicted,376909.21,844375.04,50997.38,110872.64,184787.74,72880.85,4457.72,693121.37,0.447954,310486.18,117420.41,67367.33,0.3646,0.3944,0.0241,0.54,0.196
2026-02-01,STORE_129,NorthEast,Regional Mall Tier 2,Discount-Addicted,310486.18,693121.37,181363.53,416290.02,190571.32,76925.19,4495.53,837419.35,0.443343,371263.96,120585.75,69985.57,0.3672,0.4037,0.0236,0.5643,0.2053
2026-03-01,STORE_129,NorthEast,Regional Mall Tier 2,Discount-Addicted,371263.96,837419.35,192979.95,439914.07,265897.89,127114.74,5451.99,878868.8,0.441736,388227.82,176016.09,89881.8,0.338,0.4781,0.0205,0.5613,0.2367
2026-04-01,STORE_129,NorthEast,Regional Mall Tier 2,Discount-Addicted,388227.82,878868.8,128992.93,279878.81,289185.59,112012.38,6902.61,750647.03,0.446362,335060.21,182160.54,107025.05,0.3701,0.3873,0.0239,0.5391,0.2959
2026-05-01,STORE_129,NorthEast,Regional Mall Tier 2,Discount-Addicted,335060.21,750647.03,132227.64,285196.4,225393.61,87713.79,4006.25,718729.78,0.451118,324232.1,143055.75,82337.86,0.3653,0.3892,0.0178,0.5364,0.2498
2026-06-01,STORE_129,NorthEast,Regional Mall Tier 2,Discount-Addicted,324232.1,718729.78,161265.31,344029.9,224334.69,87104.44,2725.18,748595.37,0.456827,341978.64,143518.77,80815.92,0.3602,0.3883,0.0121,0.5312,0.2426
2026-07-01,STORE_129,NorthEast,Regional Mall Tier 2,Discount-Addicted,341978.64,748595.37,175736.57,387493.78,249096.23,91790.98,4252.74,790949.2,0.455699,360435.12,157280.09,91816.14,0.3686,0.3685,0.0171,0.5465,0.2614
2026-08-01,STORE_129,NorthEast,Regional Mall Tier 2,Discount-Addicted,360435.12,790949.2,134439.62,293811.88,235858.05,107887.55,6279.5,734735.98,0.456206,335191.12,159683.62,76174.43,0.323,0.4574,0.0266,0.5424,0.219
2026-09-01,STORE_129,NorthEast,Regional Mall Tier 2,Discount-Addicted,335191.12,734735.98,158050.69,339254.82,232530.11,92997.31,5145.82,743317.56,0.459261,341376.57,151865.24,80664.87,0.3469,0.3999,0.0221,0.5341,0.2385
2026-10-01,STORE_129,NorthEast,Regional Mall Tier 2,Discount-Addicted,341376.57,743317.56,273754.76,590925.51,218084.87,96928.34,3857.0,1015372.86,0.461034,468121.34,147009.99,71074.88,0.3259,0.4445,0.0177,0.5367,0.1756
2024-11-01,STORE_130,Central,Regional Mall Tier 2,Normal,528236.47,1275540.62,211799.8,505212.8,445226.23,71136.32,10805.54,1253585.33,0.415575,520958.49,219077.78,226148.45,0.5079,0.1598,0.0243,0.5808,0.4311
2024-12-01,STORE_130,Central,Regional Mall Tier 2,Normal,520958.49,1253585.33,128854.62,295745.42,492909.04,79906.92,9091.92,967422.87,0.419415,405752.01,244061.1,248847.94,0.5049,0.1621,0.0184,0.5643,0.5371
2025-01-01,STORE_130,Central,Regional Mall Tier 2,Normal,405752.01,967422.87,63906.3,152383.21,253972.01,50153.32,5106.04,810574.71,0.41941,339963.46,129694.85,124277.16,0.4893,0.1975,0.0201,0.5806,0.3333
2025-02-01,STORE_130,Central,Regional Mall Tier 2,Normal,339963.46,810574.71,246384.91,587248.6,246547.62,57383.17,5441.86,1088450.66,0.419472,456575.07,129773.3,116774.32,0.4736,0.2327,0.0221,0.5804,0.2932
2025-03-01,STORE_130,Central,Regional Mall Tier 2,Normal,456575.07,1088450.66,149671.12,362167.99,364609.87,44311.73,4418.82,1037278.23,0.417923,433501.92,172744.27,191865.6,0.5262,0.1215,0.0121,0.5867,0.4311
2025-04-01,STORE_130,Central,Regional Mall Tier 2,Normal,433501.92,1037278.23,170964.83,394703.04,393810.5,68422.15,5923.51,963825.11,0.422119,406849.06,197617.69,196192.81,0.4982,0.1737,0.015,0.5669,0.4669
2025-05-01,STORE_130,Central,Regional Mall Tier 2,Normal,406849.06,963825.11,129322.36,330025.59,320743.59,46147.64,5110.26,921849.21,0.4144,382014.09,154157.33,166586.26,0.5194,0.1439,0.0159,0.6081,0.4223
2025-06-01,STORE_130,Central,Regional Mall Tier 2,Normal,382014.09,921849.21,148734.68,378630.67,327238.7,43696.64,6134.75,923409.79,0.408118,376859.82,153888.95,173349.75,0.5297,0.1335,0.0187,0.6072,0.4569
2025-07-01,STORE_130,Central,Regional Mall Tier 2,Normal,376859.82,923409.79,167500.42,381796.45,327021.27,69648.35,7077.48,901459.14,0.417068,375970.09,168390.15,158631.12,0.4851,0.213,0.0216,0.5613,0.4214
2025-08-01,STORE_130,Central,Regional Mall Tier 2,Normal,375970.09,901459.14,173108.24,401957.75,331588.82,58132.59,6700.51,906994.97,0.421261,382081.35,166996.98,164591.84,0.4964,0.1753,0.0202,0.5693,0.4342
2025-09-01,STORE_130,Central,Regional Mall Tier 2,Normal,382081.35,906994.97,187499.35,431660.71,330203.9,46432.86,6354.45,955664.47,0.425487,406622.89,162957.81,167246.09,0.5065,0.1406,0.0192,0.5656,0.4241
2025-10-01,STORE_130,Central,Regional Mall Tier 2,Normal,406622.89,955664.47,286426.05,680620.24,322428.95,45462.47,7569.66,1260823.63,0.42355,534022.27,159026.67,163402.28,0.5068,0.141,0.0235,0.5792,0.3474
2025-11-01,STORE_130,Central,Regional Mall Tier 2,Normal,534022.27,1260823.63,276834.7,644300.46,430416.46,62331.27,10563.64,1401812.72,0.425619,596638.1,214218.87,216197.59,0.5023,0.1448,0.0245,0.5703,0.3824
2025-12-01,STORE_130,Central,Regional Mall Tier 2,Normal,596638.1,1401812.72,113752.19,283146.41,471910.68,66360.1,8414.03,1138274.32,0.421607,479904.24,230486.05,241424.63,0.5116,0.1406,0.0178,0.5983,0.4485
2026-01-01,STORE_130,Central,Regional Mall Tier 2,Normal,479904.24,1138274.32,64416.58,158274.89,263791.49,61123.0,5542.81,966091.91,0.419823,405587.34,138733.48,125058.01,0.4741,0.2317,0.021,0.593,0.2825
2026-02-01,STORE_130,Central,Regional Mall Tier 2,Normal,405587.34,966091.91,194089.38,443149.43,250465.7,47559.02,4160.06,1107056.56,0.425532,471087.55,128589.17,121876.53,0.4866,0.1899,0.0166,0.562,0.278
2026-03-01,STORE_130,Central,Regional Mall Tier 2,Normal,471087.55,1107056.56,176535.98,445425.73,379364.65,66829.96,5260.75,1101026.93,0.417154,459297.31,188326.22,191038.43,0.5036,0.1762,0.0139,0.6037,0.4107
2026-04-01,STORE_130,Central,Regional Mall Tier 2,Normal,459297.31,1101026.93,101375.8,246463.58,371680.24,58486.78,6284.87,911038.62,0.416087,379071.21,181601.9,190078.34,0.5114,0.1574,0.0169,0.5887,0.4534
2026-05-01,STORE_130,Central,Regional Mall Tier 2,Normal,379071.21,911038.62,156851.12,358322.72,295364.54,39233.0,7876.52,926887.28,0.422198,391330.33,144592.0,150772.54,0.5105,0.1328,0.0267,0.5623,0.3914
2026-06-01,STORE_130,Central,Regional Mall Tier 2,Normal,391330.33,926887.28,139770.56,321990.68,301413.0,51984.8,6028.43,889451.73,0.425262,378250.41,152850.48,148562.52,0.4929,0.1725,0.02,0.5659,0.3861
2026-07-01,STORE_130,Central,Regional Mall Tier 2,Normal,378250.41,889451.73,189216.68,483245.56,332374.61,71054.2,5684.77,963583.71,0.413396,398341.32,169125.77,163248.84,0.4912,0.2138,0.0171,0.6084,0.4204
2026-08-01,STORE_130,Central,Regional Mall Tier 2,Normal,398341.32,963583.71,125083.19,300085.9,318496.02,55309.18,5232.52,884631.89,0.41421,366423.32,157001.19,161494.83,0.5071,0.1737,0.0164,0.5832,0.4223
2026-09-01,STORE_130,Central,Regional Mall Tier 2,Normal,366423.32,884631.89,171661.7,400259.38,326505.1,39253.6,5614.59,913517.98,0.418779,382561.82,155523.2,170981.9,0.5237,0.1202,0.0172,0.5711,0.4566
2026-10-01,STORE_130,Central,Regional Mall Tier 2,Normal,382561.82,913517.98,337119.82,794430.74,323333.12,41237.65,6027.49,1337350.46,0.421372,563521.94,156159.7,167173.42,0.517,0.1275,0.0186,0.5756,0.3534
2024-11-01,STORE_131,SouthEast,Regional Mall Tier 2,Normal,564396.24,1393687.96,225742.39,505462.76,444414.74,70013.53,11286.07,1373436.38,0.416048,571416.02,218722.61,225692.13,0.5078,0.1575,0.0254,0.5534,0.3974
2024-12-01,STORE_131,SouthEast,Regional Mall Tier 2,Normal,571416.02,1373436.38,128558.05,285827.18,476378.64,71577.14,9743.39,1101564.39,0.421858,464704.06,235270.01,241108.63,0.5061,0.1503,0.0205,0.5502,0.4654
2025-01-01,STORE_131,SouthEast,Regional Mall Tier 2,Normal,464704.06,1101564.39,66944.49,163308.83,272181.39,63137.98,3364.83,926189.02,0.420318,389293.6,142354.95,129826.44,0.477,0.232,0.0124,0.5901,0.304
2025-02-01,STORE_131,SouthEast,Regional Mall Tier 2,Normal,389293.6,926189.02,265176.27,632899.52,259544.98,48624.33,5917.32,1245001.91,0.419777,522623.45,131846.42,127698.56,0.492,0.1873,0.0228,0.581,0.2801
2025-03-01,STORE_131,SouthEast,Regional Mall Tier 2,Normal,522623.45,1245001.91,133788.34,320176.87,384901.01,58725.29,6203.4,1115349.08,0.419385,467760.17,188651.62,196249.39,0.5099,0.1526,0.0161,0.5821,0.3963
2025-04-01,STORE_131,SouthEast,Regional Mall Tier 2,Normal,467760.17,1115349.08,102606.26,245225.0,382720.3,47122.56,10286.81,920444.41,0.41921,385859.62,184506.81,198213.49,0.5179,0.1231,0.0269,0.5816,0.4644
2025-05-01,STORE_131,SouthEast,Regional Mall Tier 2,Normal,385859.62,920444.41,208913.32,467002.59,342308.22,59787.26,6324.45,979027.07,0.428682,419690.85,175082.09,167226.13,0.4885,0.1747,0.0185,0.5527,0.4152
2025-06-01,STORE_131,SouthEast,Regional Mall Tier 2,Normal,419690.85,979027.07,160415.64,385277.37,334366.08,42177.68,7012.92,980747.76,0.425203,417017.0,163089.49,171276.59,0.5122,0.1261,0.021,0.5836,0.4094
2025-07-01,STORE_131,SouthEast,Regional Mall Tier 2,Normal,417017.0,980747.76,189106.72,490016.2,343297.91,61885.26,5179.54,1060401.25,0.412115,437007.14,169116.58,174181.33,0.5074,0.1803,0.0151,0.6141,0.4079
2025-08-01,STORE_131,SouthEast,Regional Mall Tier 2,Normal,437007.14,1060401.25,116211.45,277111.47,342041.28,55666.83,7535.43,932269.18,0.413617,385602.79,167615.8,174425.48,0.51,0.1627,0.022,0.5806,0.4241
2025-09-01,STORE_131,SouthEast,Regional Mall Tier 2,Normal,385602.79,932269.18,169928.31,420317.54,329094.64,45282.24,5560.08,972649.76,0.410718,399484.32,156046.78,173047.86,0.5258,0.1376,0.0169,0.5957,0.4408
2025-10-01,STORE_131,SouthEast,Regional Mall Tier 2,Normal,399484.32,972649.76,321969.91,745418.93,324571.18,40953.2,8162.94,1344381.37,0.419922,564534.84,156919.39,167651.79,0.5165,0.1262,0.0251,0.5681,0.3478
2025-11-01,STORE_131,SouthEast,Regional Mall Tier 2,Normal,564534.84,1344381.37,299159.88,685486.19,479250.28,82694.16,10367.82,1457555.3,0.425493,620179.78,243514.94,235735.34,0.4919,0.1725,0.0216,0.5636,0.398
2025-12-01,STORE_131,SouthEast,Regional Mall Tier 2,Normal,620179.78,1457555.3,124765.84,292158.59,486930.99,62956.22,12743.28,1187083.4,0.425753,505404.1,239541.52,247389.47,0.5081,0.1293,0.0262,0.573,0.4396
2026-01-01,STORE_131,SouthEast,Regional Mall Tier 2,Normal,505404.1,1187083.4,62981.85,161566.36,269277.26,56393.1,7351.66,1015627.74,0.421448,428034.43,140351.52,128925.74,0.4788,0.2094,0.0273,0.6102,0.2762
2026-02-01,STORE_131,SouthEast,Regional Mall Tier 2,Normal,428034.43,1015627.74,187466.48,489508.85,262307.3,56301.73,6168.14,1180359.42,0.408934,482688.62,132812.29,129495.01,0.4937,0.2146,0.0235,0.617,0.2844
2026-03-01,STORE_131,SouthEast,Regional Mall Tier 2,Normal,482688.62,1180359.42,172260.25,418959.33,359386.11,51285.32,5461.08,1183186.24,0.409517,484535.36,170413.51,188972.6,0.5258,0.1427,0.0152,0.5888,0.3908
2026-04-01,STORE_131,SouthEast,Regional Mall Tier 2,Normal,484535.36,1183186.24,110303.06,278099.33,362078.67,50664.25,6942.4,1041600.25,0.407065,423999.16,170839.26,191239.41,0.5282,0.1399,0.0192,0.6034,0.421
2026-05-01,STORE_131,SouthEast,Regional Mall Tier 2,Normal,423999.16,1041600.25,120991.96,297230.19,322057.09,43311.72,5216.25,968245.38,0.407065,394138.88,150852.24,171204.85,0.5316,0.1345,0.0162,0.5929,0.4185
2026-06-01,STORE_131,SouthEast,Regional Mall Tier 2,Normal,394138.88,968245.38,201189.04,460255.59,328595.05,39673.06,7267.1,1052965.76,0.41675,438823.58,156504.34,172090.71,0.5237,0.1207,0.0221,0.5629,0.4132
2026-07-01,STORE_131,SouthEast,Regional Mall Tier 2,Normal,438823.58,1052965.76,171455.07,406026.21,347843.87,67848.61,6105.13,1037194.36,0.418288,433845.82,176432.83,171411.04,0.4928,0.1951,0.0176,0.5777,0.3928
2026-08-01,STORE_131,SouthEast,Regional Mall Tier 2,Normal,433845.82,1037194.36,129837.19,333315.64,340059.58,49109.08,5866.13,975475.21,0.411294,401207.44,162475.57,177584.01,0.5222,0.1444,0.0173,0.6105,0.4253
2026-09-01,STORE_131,SouthEast,Regional Mall Tier 2,Normal,401207.44,975475.21,174530.59,409760.13,315190.43,40591.29,6819.59,1022634.03,0.415625,425031.97,150706.06,164484.37,0.5219,0.1288,0.0216,0.5741,0.3982
2026-10-01,STORE_131,SouthEast,Regional Mall Tier 2,Normal,425031.97,1022634.03,311234.39,775477.33,321545.47,43346.06,4685.95,1428533.88,0.409466,584936.76,151329.6,170215.87,0.5294,0.1348,0.0146,0.5987,0.3371
2024-11-01,STORE_132,West,Regional Mall Tier 2,Normal,640549.07,1478723.14,277720.89,623894.42,482993.71,59186.23,12509.5,1547928.12,0.436727,676022.07,242247.89,240745.82,0.4984,0.1225,0.0259,0.5549,0.3657
2024-12-01,STORE_132,West,Regional Mall Tier 2,Normal,676022.07,1547928.12,135984.13,336630.17,561050.28,89751.62,8561.91,1225194.48,0.430873,527903.82,284102.38,276947.9,0.4936,0.16,0.0153,0.596,0.4601
2025-01-01,STORE_132,West,Regional Mall Tier 2,Normal,527903.82,1225194.48,66991.67,170607.93,284346.55,67020.03,6122.04,1038313.79,0.426203,442532.69,152362.8,131983.75,0.4642,0.2357,0.0215,0.6073,0.272
2025-02-01,STORE_132,West,Regional Mall Tier 2,Normal,442532.69,1038313.79,260196.09,619440.12,279343.25,52664.91,7375.49,1318370.26,0.423904,558862.64,143866.14,135477.11,0.485,0.1885,0.0264,0.5799,0.2706
2025-03-01,STORE_132,West,Regional Mall Tier 2,Normal,558862.64,1318370.26,159128.21,389841.94,433922.44,60289.97,6216.11,1207783.68,0.420317,507652.17,210338.68,223583.76,0.5153,0.1389,0.0143,0.5918,0.4193
2025-04-01,STORE_132,West,Regional Mall Tier 2,Normal,507652.17,1207783.68,145013.34,333623.36,410028.03,55492.24,9654.22,1066232.55,0.423422,451466.22,201199.29,208828.74,0.5093,0.1353,0.0235,0.5653,0.4355
2025-05-01,STORE_132,West,Regional Mall Tier 2,Normal,451466.22,1066232.55,170235.3,389869.63,366991.21,48199.43,5801.32,1035110.22,0.426963,441953.6,179747.92,187243.29,0.5102,0.1313,0.0158,0.5634,0.4192
2025-06-01,STORE_132,West,Regional Mall Tier 2,Normal,441953.6,1035110.22,219295.2,522581.15,360493.08,55412.35,6562.0,1135223.94,0.424506,481908.99,179339.81,181153.27,0.5025,0.1537,0.0182,0.5804,0.3922
2025-07-01,STORE_132,West,Regional Mall Tier 2,Normal,481908.99,1135223.94,187909.84,431069.24,381755.98,76176.23,8782.45,1099578.52,0.427646,470230.23,199588.6,182167.38,0.4772,0.1995,0.023,0.5641,0.3826
2025-08-01,STORE_132,West,Regional Mall Tier 2,Normal,470230.23,1099578.52,147684.2,340172.83,366185.27,56086.79,8667.46,1008811.83,0.429181,432963.22,184951.21,181234.06,0.4949,0.1532,0.0237,0.5659,0.4013
2025-09-01,STORE_132,West,Regional Mall Tier 2,Normal,432963.22,1008811.83,200537.46,480672.52,368432.89,61337.5,6373.59,1053340.37,0.425315,448001.91,185498.77,182934.12,0.4965,0.1665,0.0173,0.5828,0.4153
2025-10-01,STORE_132,West,Regional Mall Tier 2,Normal,448001.91,1053340.37,318476.94,806232.13,333520.47,42979.18,5888.14,1477184.71,0.41218,608866.2,157612.65,175907.82,0.5274,0.1289,0.0177,0.605,0.3329
2025-11-01,STORE_132,West,Regional Mall Tier 2,Normal,608866.2,1477184.71,320203.27,784946.68,489959.18,77785.61,13331.98,1681054.62,0.410705,690418.13,238651.34,251307.84,0.5129,0.1588,0.0272,0.5921,0.3868
2025-12-01,STORE_132,West,Regional Mall Tier 2,Normal,690418.13,1681054.62,129436.7,330279.14,550465.24,87789.26,10365.76,1362713.5,0.407617,555465.86,264388.97,286076.27,0.5197,0.1595,0.0188,0.6081,0.4592
2026-01-01,STORE_132,West,Regional Mall Tier 2,Normal,555465.86,1362713.5,68061.51,170885.67,284809.45,53923.76,4006.31,1190859.65,0.406578,484177.09,139350.28,145459.17,0.5107,0.1893,0.0141,0.6017,0.2798
2026-02-01,STORE_132,West,Regional Mall Tier 2,Normal,484177.09,1190859.65,185088.24,411681.84,293656.27,67423.16,5177.94,1236284.12,0.417627,516306.2,152959.13,140697.14,0.4791,0.2296,0.0176,0.5504,0.2813
2026-03-01,STORE_132,West,Regional Mall Tier 2,Normal,516306.2,1236284.12,194980.38,481690.32,445213.81,58088.45,11979.14,1202693.04,0.414026,497946.53,213340.05,231873.76,0.5208,0.1305,0.0269,0.5952,0.4572
2026-04-01,STORE_132,West,Regional Mall Tier 2,Normal,497946.53,1202693.04,158165.09,354522.27,433839.17,69899.7,5974.45,1047501.99,0.421336,441350.8,214760.82,219078.35,0.505,0.1611,0.0138,0.5539,0.4665
2026-05-01,STORE_132,West,Regional Mall Tier 2,Normal,441350.8,1047501.99,182595.46,409779.07,366984.89,47151.54,7447.62,1035697.01,0.428158,443441.76,180504.5,186480.39,0.5081,0.1285,0.0203,0.5544,0.4215
2026-06-01,STORE_132,West,Regional Mall Tier 2,Normal,443441.76,1035697.01,205572.76,501539.76,384627.99,61914.98,5405.05,1085288.75,0.422196,458204.08,190810.44,193817.55,0.5039,0.161,0.0141,0.5901,0.4299
2026-07-01,STORE_132,West,Regional Mall Tier 2,Normal,458204.08,1085288.75,198975.92,515322.49,382262.87,68814.53,6730.07,1142803.77,0.410581,469213.11,187966.89,194295.98,0.5083,0.18,0.0176,0.6139,0.419
2026-08-01,STORE_132,West,Regional Mall Tier 2,Normal,469213.11,1142803.77,153565.9,354328.33,376287.34,54458.67,9006.12,1057379.97,0.415981,439850.33,182928.68,193358.66,0.5139,0.1447,0.0239,0.5666,0.4254
2026-09-01,STORE_132,West,Regional Mall Tier 2,Normal,439850.33,1057379.97,156983.86,363256.61,370183.1,49986.02,10153.82,990313.64,0.420117,416048.02,180786.17,189396.93,0.5116,0.135,0.0274,0.5678,0.4426
2026-10-01,STORE_132,West,Regional Mall Tier 2,Normal,416048.02,990313.64,409153.51,933702.33,347522.81,44053.02,7651.33,1524788.81,0.428895,653974.85,171226.68,176296.13,0.5073,0.1268,0.022,0.5618,0.3295
2024-11-01,STORE_133,NorthEast,Regional Mall Tier 2,Normal,468654.71,1086260.31,176005.69,461566.9,390273.91,59411.88,7606.19,1090535.23,0.416494,454201.13,190459.27,199814.64,0.512,0.1522,0.0195,0.6187,0.433
2024-12-01,STORE_133,NorthEast,Regional Mall Tier 2,Normal,454201.13,1090535.23,98635.21,234879.09,391465.15,50395.25,8268.95,875284.97,0.417105,365085.34,187751.0,203714.15,0.5204,0.1287,0.0211,0.5801,0.4973
2025-01-01,STORE_133,NorthEast,Regional Mall Tier 2,Normal,365085.34,875284.97,53599.31,136294.58,227157.64,53362.68,3839.31,727219.92,0.413892,300990.48,117694.17,109463.47,0.4819,0.2349,0.0169,0.6067,0.3287
2025-02-01,STORE_133,NorthEast,Regional Mall Tier 2,Normal,300990.48,727219.92,215797.29,502849.61,229425.52,48438.35,4025.97,948179.69,0.420129,398357.7,118430.07,110995.45,0.4838,0.2111,0.0175,0.5709,0.3174
2025-03-01,STORE_133,NorthEast,Regional Mall Tier 2,Normal,398357.7,948179.69,136457.95,334449.52,313763.15,37671.38,8593.68,922601.0,0.416968,384695.32,150120.33,163642.82,0.5215,0.1201,0.0274,0.592,0.418
2025-04-01,STORE_133,NorthEast,Regional Mall Tier 2,Normal,384695.32,922601.0,114246.55,265782.56,337790.01,60226.12,7413.37,782954.06,0.419849,328722.62,170219.25,167570.76,0.4961,0.1783,0.0219,0.5702,0.4698
2025-05-01,STORE_133,NorthEast,Regional Mall Tier 2,Normal,328722.62,782954.06,136594.35,320119.34,276992.03,36165.7,6258.2,783657.47,0.421837,330575.57,134741.4,142250.63,0.5136,0.1306,0.0226,0.5733,0.4315
2025-06-01,STORE_133,NorthEast,Regional Mall Tier 2,Normal,330575.57,783657.47,125123.95,325244.13,283742.43,49872.34,5056.73,770230.1,0.410947,316523.56,139175.96,144566.47,0.5095,0.1758,0.0178,0.6153,0.4468
2025-07-01,STORE_133,NorthEast,Regional Mall Tier 2,Normal,316523.56,770230.1,166420.46,370905.08,280687.18,53153.71,4239.96,803054.33,0.423214,339863.58,143080.44,137606.74,0.4902,0.1894,0.0151,0.5513,0.4193
2025-08-01,STORE_133,NorthEast,Regional Mall Tier 2,Normal,339863.58,803054.33,133388.49,341626.14,281381.93,39269.51,3953.58,820075.45,0.413436,339048.68,134203.39,147178.54,0.5231,0.1396,0.0141,0.6095,0.4336
2025-09-01,STORE_133,NorthEast,Regional Mall Tier 2,Normal,339048.68,820075.45,126389.07,329602.73,295798.62,42321.05,5084.61,806473.9,0.404842,326494.32,138943.43,156855.19,0.5303,0.1431,0.0172,0.6165,0.4714
2025-10-01,STORE_133,NorthEast,Regional Mall Tier 2,Normal,326494.32,806473.9,265931.66,650077.14,285431.17,42635.35,6227.94,1122256.58,0.406732,456457.71,135968.27,149462.9,0.5236,0.1494,0.0218,0.5909,0.3818
2025-11-01,STORE_133,NorthEast,Regional Mall Tier 2,Normal,456457.71,1122256.58,192657.36,462285.0,365097.83,57691.38,9727.73,1152024.64,0.409655,471932.43,177182.64,187915.19,0.5147,0.158,0.0266,0.5832,0.4048
2025-12-01,STORE_133,NorthEast,Regional Mall Tier 2,Normal,471932.43,1152024.64,114294.87,256283.14,427138.57,74252.5,11347.62,895569.09,0.416264,372792.83,213434.47,213704.1,0.5003,0.1738,0.0266,0.554,0.506
2026-01-01,STORE_133,NorthEast,Regional Mall Tier 2,Normal,372792.83,895569.09,52999.34,131063.01,218438.35,48611.84,2785.96,756795.95,0.414747,313878.54,111913.63,106524.72,0.4877,0.2225,0.0128,0.5956,0.3103
2026-02-01,STORE_133,NorthEast,Regional Mall Tier 2,Normal,313878.54,756795.95,170966.33,408037.72,234250.02,48355.56,5942.95,876285.14,0.416235,364740.79,120104.08,114145.94,0.4873,0.2064,0.0254,0.581,0.3364
2026-03-01,STORE_133,NorthEast,Regional Mall Tier 2,Normal,364740.79,876285.14,173723.64,438486.9,322830.87,50643.72,3927.68,937369.77,0.40955,383899.46,154564.97,168265.9,0.5212,0.1569,0.0122,0.6038,0.4495
2026-04-01,STORE_133,NorthEast,Regional Mall Tier 2,Normal,383899.46,937369.77,86862.96,196489.29,327482.15,47575.43,4871.74,753929.74,0.415186,313021.08,157741.34,169740.81,0.5183,0.1453,0.0149,0.5579,0.4871
2026-05-01,STORE_133,NorthEast,Regional Mall Tier 2,Normal,313021.08,753929.74,138223.82,350633.22,283495.02,46120.2,3620.16,771327.58,0.408528,315108.92,136135.98,147359.04,0.5198,0.1627,0.0128,0.6058,0.4692
2026-06-01,STORE_133,NorthEast,Regional Mall Tier 2,Normal,315108.92,771327.58,145922.94,347785.26,285544.94,44934.16,4466.15,784167.59,0.411962,323047.18,137984.68,147560.26,0.5168,0.1574,0.0156,0.5804,0.4625
2026-07-01,STORE_133,NorthEast,Regional Mall Tier 2,Normal,323047.18,784167.59,157381.91,361136.98,288388.23,59608.13,6186.61,791121.6,0.419477,331857.43,148571.66,139816.57,0.4848,0.2067,0.0215,0.5642,0.427
2026-08-01,STORE_133,NorthEast,Regional Mall Tier 2,Normal,331857.43,791121.6,122538.13,296692.24,307589.72,39370.15,7366.03,733487.94,0.417714,306388.51,148007.05,159582.67,0.5188,0.128,0.0239,0.587,0.5001
2026-09-01,STORE_133,NorthEast,Regional Mall Tier 2,Normal,306388.51,733487.94,153345.66,391447.39,264996.06,42866.41,4270.22,812802.64,0.408676,332173.0,127561.17,137434.89,0.5186,0.1618,0.0161,0.6083,0.4305
2026-10-01,STORE_133,NorthEast,Regional Mall Tier 2,Normal,332173.0,812802.64,279220.19,636826.14,262996.67,37266.91,5466.71,1143898.49,0.421758,482448.86,128944.33,134052.34,0.5097,0.1417,0.0208,0.5615,0.3291
2024-11-01,STORE_134,Central,Regional Mall Tier 2,Normal,497601.85,1156736.8,248399.66,553306.65,418152.02,59536.86,6177.33,1226177.24,0.436247,534916.28,211085.23,207066.79,0.4952,0.1424,0.0148,0.5511,0.4011
2024-12-01,STORE_134,Central,Regional Mall Tier 2,Normal,534916.28,1226177.24,98722.52,239274.73,398791.21,66263.07,10477.29,989920.4,0.432385,428026.29,205612.51,193178.7,0.4844,0.1662,0.0263,0.5874,0.4012
2025-01-01,STORE_134,Central,Regional Mall Tier 2,Normal,428026.29,989920.4,57179.99,145739.87,242899.79,45527.54,6415.2,840817.74,0.427246,359236.0,125970.28,116929.51,0.4814,0.1874,0.0264,0.6077,0.2971
2025-02-01,STORE_134,Central,Regional Mall Tier 2,Normal,359236.0,840817.74,169526.63,433296.28,214867.58,48456.09,4422.18,1006368.17,0.415004,417646.99,111115.64,103751.94,0.4829,0.2255,0.0206,0.6088,0.2671
2025-03-01,STORE_134,Central,Regional Mall Tier 2,Normal,417646.99,1006368.17,179432.27,405304.32,339009.07,56389.43,7054.05,1009219.94,0.422959,426858.42,170220.84,168788.23,0.4979,0.1663,0.0208,0.5573,0.3997
2025-04-01,STORE_134,Central,Regional Mall Tier 2,Normal,426858.42,1009219.94,94092.76,211209.37,334797.61,60198.42,4544.35,820888.93,0.426859,350403.79,170547.39,164250.22,0.4906,0.1798,0.0136,0.5545,0.4226
2025-05-01,STORE_134,Central,Regional Mall Tier 2,Normal,350403.79,820888.93,126238.43,326570.41,273093.14,45887.02,7129.1,821350.08,0.415389,341179.95,135462.27,137630.87,0.504,0.168,0.0261,0.6134,0.398
2025-06-01,STORE_134,Central,Regional Mall Tier 2,Normal,341179.95,821350.08,143084.76,373258.86,282564.08,48935.58,6468.79,856640.49,0.405375,347260.72,137003.99,145560.09,0.5151,0.1732,0.0229,0.6167,0.4229
2025-07-01,STORE_134,Central,Regional Mall Tier 2,Normal,347260.72,856640.49,165015.24,417911.08,306309.11,71934.74,5541.76,890765.96,0.401926,358022.38,154253.58,152055.53,0.4964,0.2348,0.0181,0.6051,0.4312
2025-08-01,STORE_134,Central,Regional Mall Tier 2,Normal,358022.38,890765.96,137016.45,358418.1,309755.3,38427.74,4624.72,896376.3,0.39629,355224.73,139814.1,169941.2,0.5486,0.1241,0.0149,0.6177,0.4765
2025-09-01,STORE_134,Central,Regional Mall Tier 2,Normal,355224.73,896376.3,103860.76,236047.65,273033.38,45208.97,6565.41,807616.19,0.405401,327408.19,131677.3,141356.08,0.5177,0.1656,0.024,0.56,0.4141
2025-10-01,STORE_134,Central,Regional Mall Tier 2,Normal,327408.19,807616.19,285532.98,742082.95,269916.64,33250.94,3584.58,1242946.98,0.395523,491613.73,121327.44,148589.2,0.5505,0.1232,0.0133,0.6152,0.3628
2025-11-01,STORE_134,Central,Regional Mall Tier 2,Normal,491613.73,1242946.98,186834.79,474310.98,409510.78,57947.59,8952.28,1240847.31,0.395077,490229.8,188218.72,221292.06,0.5404,0.1415,0.0219,0.6061,0.4508
2025-12-01,STORE_134,Central,Regional Mall Tier 2,Normal,490229.8,1240847.31,100148.77,243332.74,405554.56,61490.72,6316.56,1010818.21,0.397781,402084.24,188294.33,217260.23,0.5357,0.1516,0.0156,0.5884,0.487
2026-01-01,STORE_134,Central,Regional Mall Tier 2,Normal,402084.24,1010818.21,61016.94,140932.93,234888.21,56310.12,6555.63,853997.18,0.402084,343378.95,119722.23,115165.98,0.4903,0.2397,0.0279,0.567,0.309
2026-02-01,STORE_134,Central,Regional Mall Tier 2,Normal,343378.95,853997.18,174891.7,435432.36,230572.47,52773.42,5761.63,1000322.02,0.401938,402067.37,116203.28,114369.19,0.496,0.2289,0.025,0.5983,0.3068
2026-03-01,STORE_134,Central,Regional Mall Tier 2,Normal,402067.37,1000322.02,153042.83,378979.61,309762.3,51518.22,6817.07,1011204.04,0.402457,406966.59,148143.61,161618.69,0.5218,0.1663,0.022,0.5962,0.3995
2026-04-01,STORE_134,Central,Regional Mall Tier 2,Normal,406966.59,1011204.04,86290.69,216204.01,335614.75,52461.51,8109.93,831221.86,0.401869,334042.32,159214.96,176399.79,0.5256,0.1563,0.0242,0.6009,0.4761
2026-05-01,STORE_134,Central,Regional Mall Tier 2,Normal,334042.32,831221.86,115544.75,287089.61,284310.34,35184.29,6845.98,791970.86,0.402023,318390.6,131196.47,153113.87,0.5385,0.1238,0.0241,0.5975,0.4694
2026-06-01,STORE_134,Central,Regional Mall Tier 2,Normal,318390.6,791970.86,166313.68,394766.37,292706.94,49065.86,4918.64,840045.79,0.408434,343103.58,141600.7,151106.24,0.5162,0.1676,0.0168,0.5787,0.4569
2026-07-01,STORE_134,Central,Regional Mall Tier 2,Normal,343103.58,840045.79,142377.46,354235.09,293018.54,65417.88,4331.93,831512.53,0.406505,338013.93,147467.11,145551.43,0.4967,0.2233,0.0148,0.5981,0.4274
2026-08-01,STORE_134,Central,Regional Mall Tier 2,Normal,338013.93,831512.53,127141.7,314501.27,291273.72,48791.2,6622.12,799326.76,0.40589,324438.8,140716.83,150556.89,0.5169,0.1675,0.0227,0.5957,0.4545
2026-09-01,STORE_134,Central,Regional Mall Tier 2,Normal,324438.8,799326.76,141754.51,334634.13,280339.28,48341.56,5663.36,799616.69,0.411119,328737.93,137455.38,142883.9,0.5097,0.1724,0.0202,0.5764,0.4375
2026-10-01,STORE_134,Central,Regional Mall Tier 2,Normal,328737.93,799616.69,346114.56,796330.44,282561.02,43526.94,5480.67,1264378.5,0.422854,534647.4,140205.09,142355.93,0.5038,0.154,0.0194,0.5654,0.3298
2024-11-01,STORE_135,SouthEast,Regional Mall Tier 2,Discount-Addicted,507282.57,1143661.35,258304.24,578193.32,377045.51,136808.58,6040.35,1201960.23,0.444629,534426.58,231160.23,145885.28,0.3869,0.3628,0.016,0.5533,0.2801
2024-12-01,STORE_135,SouthEast,Regional Mall Tier 2,Discount-Addicted,534426.58,1201960.23,107441.0,243839.03,406398.38,158614.91,8788.86,871997.11,0.443953,387126.13,254741.45,151656.93,0.3732,0.3903,0.0216,0.5594,0.3291
2025-01-01,STORE_135,SouthEast,Regional Mall Tier 2,Discount-Addicted,387126.13,871997.11,59430.02,133696.11,222826.85,102311.29,5225.0,675330.08,0.444028,299865.6,146690.55,76136.3,0.3417,0.4592,0.0234,0.5555,0.2217
2025-02-01,STORE_135,SouthEast,Regional Mall Tier 2,Discount-Addicted,299865.6,675330.08,264766.47,571919.11,199533.97,75542.82,2923.15,969249.25,0.452702,438780.97,125851.1,73682.87,0.3693,0.3786,0.0146,0.5371,0.1995
2025-03-01,STORE_135,SouthEast,Regional Mall Tier 2,Discount-Addicted,438780.97,969249.25,226039.12,501974.5,322049.9,127978.44,5016.24,1016179.17,0.451882,459193.46,205626.63,116423.27,0.3615,0.3974,0.0156,0.5497,0.2593
2025-04-01,STORE_135,SouthEast,Regional Mall Tier 2,Discount-Addicted,459193.46,1016179.17,107463.85,240702.38,306362.11,116100.83,7807.39,826611.22,0.450844,372672.58,193984.73,112377.38,0.3668,0.379,0.0255,0.5535,0.2702
2025-05-01,STORE_135,SouthEast,Regional Mall Tier 2,Discount-Addicted,372672.58,826611.22,158784.97,353772.97,260534.8,94653.78,6366.02,818829.59,0.450241,368670.79,162786.76,97748.04,0.3752,0.3633,0.0244,0.5512,0.2637
2025-06-01,STORE_135,SouthEast,Regional Mall Tier 2,Discount-Addicted,368670.79,818829.59,185107.14,425783.79,272476.59,98984.67,3872.96,869279.16,0.44494,386776.83,167001.1,105475.49,0.3871,0.3633,0.0142,0.5653,0.2792
2025-07-01,STORE_135,SouthEast,Regional Mall Tier 2,Discount-Addicted,386776.83,869279.16,174471.54,388716.92,292673.64,115626.05,4138.08,845558.31,0.446145,377241.42,184006.95,108666.69,0.3713,0.3951,0.0141,0.5512,0.2845
2025-08-01,STORE_135,SouthEast,Regional Mall Tier 2,Discount-Addicted,377241.42,845558.31,194846.13,425164.69,278076.69,119948.48,6887.11,865810.72,0.450206,389793.47,182294.08,95782.61,0.3444,0.4314,0.0248,0.5417,0.2497
2025-09-01,STORE_135,SouthEast,Regional Mall Tier 2,Discount-Addicted,389793.47,865810.72,138911.85,317713.21,265777.4,119499.61,4475.02,793771.9,0.446721,354594.8,174110.52,91666.88,0.3449,0.4496,0.0168,0.5628,0.2463
2025-10-01,STORE_135,SouthEast,Regional Mall Tier 2,Discount-Addicted,354594.8,793771.9,319984.18,695577.61,273962.55,100136.72,7637.89,1107612.35,0.452935,501676.74,172902.24,101060.31,0.3689,0.3655,0.0279,0.54,0.236
2025-11-01,STORE_135,SouthEast,Regional Mall Tier 2,Discount-Addicted,501676.74,1107612.35,303718.31,686694.43,371951.99,144606.48,6806.85,1270941.46,0.448861,570476.56,234918.49,137033.5,0.3684,0.3888,0.0183,0.5577,0.2556
2025-12-01,STORE_135,SouthEast,Regional Mall Tier 2,Discount-Addicted,570476.56,1270941.46,105321.93,237584.6,395974.33,181330.06,4987.85,926233.82,0.447986,414939.74,260858.75,135115.58,0.3412,0.4579,0.0126,0.5567,0.2742
2026-01-01,STORE_135,SouthEast,Regional Mall Tier 2,Discount-Addicted,414939.74,926233.82,58444.81,129076.81,215128.02,86404.82,4150.22,749627.57,0.448574,336263.18,137121.37,78006.65,0.3626,0.4016,0.0193,0.5472,0.2077
2026-02-01,STORE_135,SouthEast,Regional Mall Tier 2,Discount-Addicted,336263.18,749627.57,213082.85,459451.9,217899.8,80412.45,4943.91,905823.31,0.454351,411561.4,137784.63,80115.17,0.3677,0.369,0.0227,0.5362,0.2143
2026-03-01,STORE_135,SouthEast,Regional Mall Tier 2,Discount-Addicted,411561.4,905823.31,226620.86,509071.08,318416.93,141162.49,5047.05,950267.92,0.451046,428614.41,209567.85,108849.08,0.3418,0.4433,0.0159,0.5548,0.2591
2026-04-01,STORE_135,SouthEast,Regional Mall Tier 2,Discount-Addicted,428614.41,950267.92,176096.62,381856.53,319594.77,116849.15,6573.15,889107.38,0.453945,403605.71,201105.32,118489.45,0.3707,0.3656,0.0206,0.5388,0.2848
2026-05-01,STORE_135,SouthEast,Regional Mall Tier 2,Discount-Addicted,403605.71,889107.38,129588.81,296606.86,260756.71,98887.47,5907.35,820162.71,0.449682,368812.52,164382.0,96374.71,0.3696,0.3792,0.0227,0.5631,0.2495
2026-06-01,STORE_135,SouthEast,Regional Mall Tier 2,Discount-Addicted,368812.52,820162.71,204577.46,453941.21,271069.63,109496.67,3438.13,890099.49,0.450034,400574.96,172815.02,98254.61,0.3625,0.4039,0.0127,0.5493,0.2554
2026-07-01,STORE_135,SouthEast,Regional Mall Tier 2,Discount-Addicted,400574.96,890099.49,158238.86,354181.88,262069.98,124641.93,6951.96,850617.5,0.449106,382017.14,176796.68,85273.3,0.3254,0.4756,0.0265,0.5532,0.2179
2026-08-01,STORE_135,SouthEast,Regional Mall Tier 2,Discount-Addicted,382017.14,850617.5,177920.0,383660.9,295629.73,135475.65,5701.99,797471.03,0.453655,361777.09,198160.05,97469.68,0.3297,0.4583,0.0193,0.5363,0.2621
2026-09-01,STORE_135,SouthEast,Regional Mall Tier 2,Discount-Addicted,361777.09,797471.03,187388.72,426273.63,244836.26,107396.16,6284.05,865228.19,0.448758,388278.5,160887.31,83948.95,0.3429,0.4386,0.0257,0.5604,0.2238
2026-10-01,STORE_135,SouthEast,Regional Mall Tier 2,Discount-Addicted,388278.5,865228.19,262647.81,600930.8,272740.88,118678.36,3798.66,1070941.09,0.443967,475462.58,175463.73,97277.15,0.3567,0.4351,0.0139,0.5629,0.2252
2024-11-01,STORE_136,West,Strip/Outlet Tier 3,Normal,228293.21,521275.81,121719.15,277023.51,180113.78,23050.16,4692.71,590442.67,0.438448,258878.13,91134.23,88979.55,0.494,0.128,0.0261,0.5606,0.3653
2024-12-01,STORE_136,West,Strip/Outlet Tier 3,Normal,258878.13,590442.67,48892.51,108999.89,181666.49,23694.69,3251.46,490829.92,0.440023,215976.33,91794.31,89872.18,0.4947,0.1304,0.0179,0.5514,0.3785
2025-01-01,STORE_136,West,Strip/Outlet Tier 3,Normal,215976.33,490829.92,25378.23,60674.61,101124.35,23737.96,1673.91,424968.31,0.437629,185978.6,55375.96,45748.39,0.4524,0.2347,0.0166,0.5817,0.2276
2025-02-01,STORE_136,West,Strip/Outlet Tier 3,Normal,185978.6,424968.31,55760.08,125791.29,95226.72,22835.37,1948.25,430749.26,0.438919,189063.9,52674.78,42551.94,0.4468,0.2398,0.0205,0.5567,0.2269
2025-03-01,STORE_136,West,Strip/Outlet Tier 3,Normal,189063.9,430749.26,75543.55,168600.09,143619.17,20955.6,2975.87,431798.71,0.441491,190635.32,73972.13,69647.04,0.4849,0.1459,0.0207,0.5519,0.3669
2025-04-01,STORE_136,West,Strip/Outlet Tier 3,Normal,190635.32,431798.71,52260.58,123904.83,141333.96,21797.79,3523.59,389048.2,0.437096,170051.49,72844.41,68489.55,0.4846,0.1542,0.0249,0.5782,0.3798
2025-05-01,STORE_136,West,Strip/Outlet Tier 3,Normal,170051.49,389048.2,47891.53,111431.64,118984.21,16651.23,3084.12,361760.28,0.435468,157535.07,60407.95,58576.26,0.4923,0.1399,0.0259,0.5702,0.3576
2025-06-01,STORE_136,West,Strip/Outlet Tier 3,Normal,157535.07,361760.28,71742.72,173561.02,122894.38,15118.56,1499.99,395808.37,0.428299,169524.49,59753.3,63141.08,0.5138,0.123,0.0122,0.5866,0.3861
2025-07-01,STORE_136,West,Strip/Outlet Tier 3,Normal,169524.49,395808.37,49412.37,120544.23,124161.45,22860.69,3190.77,366139.69,0.424007,155245.61,63691.25,60470.2,0.487,0.1841,0.0257,0.5901,0.3724
2025-08-01,STORE_136,West,Strip/Outlet Tier 3,Normal,155245.61,366139.69,54410.77,136383.87,120721.04,20283.87,2398.21,359120.44,0.417207,149827.59,59828.79,60892.25,0.5044,0.168,0.0199,0.601,0.3992
2025-09-01,STORE_136,West,Strip/Outlet Tier 3,Normal,149827.59,359120.44,74436.73,167106.6,122730.97,19265.78,2664.68,381565.61,0.426174,162613.37,61650.95,61080.02,0.4977,0.157,0.0217,0.5546,0.391
2025-10-01,STORE_136,West,Strip/Outlet Tier 3,Normal,162613.37,381565.61,113360.12,289524.7,122866.24,15773.1,2561.24,529889.73,0.411232,217907.36,58066.13,64800.11,0.5274,0.1284,0.0208,0.6085,0.3406
2025-11-01,STORE_136,West,Strip/Outlet Tier 3,Normal,217907.36,529889.73,97749.1,220125.21,165997.35,29678.07,2335.25,552004.27,0.420867,232320.32,83336.14,82661.21,0.498,0.1788,0.0141,0.5559,0.3672
2025-12-01,STORE_136,West,Strip/Outlet Tier 3,Normal,232320.32,552004.27,48085.63,109093.82,181823.03,32205.04,3379.25,443690.77,0.424152,188192.24,92213.71,89609.32,0.4928,0.1771,0.0186,0.5592,0.4262
2026-01-01,STORE_136,West,Strip/Outlet Tier 3,Normal,188192.24,443690.77,26831.6,60247.25,100412.08,18411.2,1790.36,383324.38,0.426687,163559.56,51464.28,48947.8,0.4875,0.1834,0.0178,0.5546,0.2783
2026-02-01,STORE_136,West,Strip/Outlet Tier 3,Normal,163559.56,383324.38,70022.34,175388.26,97106.63,20595.16,1346.51,439664.34,0.418072,183811.18,49770.72,47335.91,0.4875,0.2121,0.0139,0.6008,0.2725
2026-03-01,STORE_136,West,Strip/Outlet Tier 3,Normal,183811.18,439664.34,59701.55,142537.67,141243.48,19041.68,3857.39,418059.46,0.418262,174858.21,68654.52,72588.96,0.5139,0.1348,0.0273,0.5812,0.4048
2026-04-01,STORE_136,West,Strip/Outlet Tier 3,Normal,174858.21,418059.46,50842.6,128432.9,143879.12,18093.2,3200.27,381319.77,0.412999,157484.69,68216.12,75663.0,0.5259,0.1258,0.0222,0.6041,0.4553
2026-05-01,STORE_136,West,Strip/Outlet Tier 3,Normal,157484.69,381319.77,59958.07,139376.53,123763.17,20296.2,3078.65,373558.28,0.4176,155997.93,61444.83,62318.34,0.5035,0.164,0.0249,0.5698,0.3976
2026-06-01,STORE_136,West,Strip/Outlet Tier 3,Normal,155997.93,373558.28,63389.7,157785.34,116469.29,17129.93,1478.03,396266.37,0.412892,163615.29,55772.34,60696.95,0.5211,0.1471,0.0127,0.5983,0.3798
2026-07-01,STORE_136,West,Strip/Outlet Tier 3,Normal,163615.29,396266.37,65154.42,155951.77,123995.06,26563.74,3256.76,398402.58,0.414274,165047.9,63721.81,60273.25,0.4861,0.2142,0.0263,0.5822,0.3668
2026-08-01,STORE_136,West,Strip/Outlet Tier 3,Normal,165047.9,398402.58,52334.08,124542.12,130646.37,23367.26,2455.65,366475.42,0.415688,152339.53,65042.45,65603.92,0.5021,0.1789,0.0188,0.5798,0.4134
2026-09-01,STORE_136,West,Strip/Outlet Tier 3,Normal,152339.53,366475.42,56475.01,136725.88,129433.37,18321.43,2322.56,353123.94,0.414972,146536.61,62277.93,67155.44,0.5188,0.1416,0.0179,0.5869,0.4494
2026-10-01,STORE_136,West,Strip/Outlet Tier 3,Normal,146536.61,353123.94,130032.73,319963.39,128394.57,16935.92,3036.35,524720.49,0.410897,215605.9,60963.44,67431.13,0.5252,0.1319,0.0236,0.5936,0.3724
2024-11-01,STORE_137,NorthEast,Strip/Outlet Tier 3,Normal,211651.72,488136.23,103238.4,234851.58,167168.95,24934.61,2124.1,528760.15,0.43554,230296.2,84593.92,82575.03,0.494,0.1492,0.0127,0.5604,0.3737
2024-12-01,STORE_137,NorthEast,Strip/Outlet Tier 3,Normal,230296.2,528760.15,49269.04,112051.87,186753.11,28079.3,3730.05,422249.56,0.436267,184213.62,95351.62,91401.49,0.4894,0.1504,0.02,0.5603,0.441
2025-01-01,STORE_137,NorthEast,Strip/Outlet Tier 3,Normal,184213.62,422249.56,22763.95,57267.64,95446.06,18840.52,1193.29,364037.33,0.431637,157132.14,49845.43,45600.63,0.4778,0.1974,0.0125,0.6025,0.2672
2025-02-01,STORE_137,NorthEast,Strip/Outlet Tier 3,Normal,157132.14,364037.33,74397.13,170512.24,96131.35,18732.22,1392.6,418293.4,0.43313,181175.28,50353.99,45777.36,0.4762,0.1949,0.0145,0.5637,0.2706
2025-03-01,STORE_137,NorthEast,Strip/Outlet Tier 3,Normal,181175.28,418293.4,62518.39,141425.2,135019.12,17951.97,2840.91,403906.6,0.435386,175855.3,67838.37,67180.75,0.4976,0.133,0.021,0.5579,0.3763
2025-04-01,STORE_137,NorthEast,Strip/Outlet Tier 3,Normal,175855.3,403906.6,44956.46,114478.94,136098.04,20024.75,2577.7,359685.05,0.42596,153211.62,67600.14,68497.9,0.5033,0.1471,0.0189,0.6073,0.4163
2025-05-01,STORE_137,NorthEast,Strip/Outlet Tier 3,Normal,153211.62,359685.05,55204.18,134517.71,112731.13,14035.63,2111.68,365324.32,0.421721,154065.02,54350.78,58380.35,0.5179,0.1245,0.0187,0.5896,0.38
2025-06-01,STORE_137,NorthEast,Strip/Outlet Tier 3,Normal,154065.02,365324.32,43013.83,111907.16,115770.85,14150.94,2855.72,344453.97,0.412963,142246.68,54832.17,60938.68,0.5264,0.1222,0.0247,0.6156,0.4113
2025-07-01,STORE_137,NorthEast,Strip/Outlet Tier 3,Normal,142246.68,344453.97,74497.91,175285.57,132206.34,26800.64,3349.03,357383.53,0.417025,149038.01,67706.58,64499.76,0.4879,0.2027,0.0253,0.575,0.4429
2025-08-01,STORE_137,NorthEast,Strip/Outlet Tier 3,Normal,149038.01,357383.53,51544.49,132827.48,128668.75,20465.17,1772.01,339305.08,0.409176,138835.44,61747.06,66921.69,0.5201,0.1591,0.0138,0.6119,0.4649
2025-09-01,STORE_137,NorthEast,Strip/Outlet Tier 3,Normal,138835.44,339305.08,55468.08,140808.84,116155.47,18848.05,2236.29,342874.11,0.404703,138762.16,55541.36,60614.11,0.5218,0.1623,0.0193,0.6061,0.4367
2025-10-01,STORE_137,NorthEast,Strip/Outlet Tier 3,Normal,138762.16,342874.11,117609.64,262801.49,113183.6,16714.83,1758.95,474018.22,0.423282,200643.55,55728.25,57455.35,0.5076,0.1477,0.0155,0.5525,0.3386
2025-11-01,STORE_137,NorthEast,Strip/Outlet Tier 3,Normal,200643.55,474018.22,105891.3,245567.53,176070.12,28062.94,4225.46,511227.23,0.425988,217776.63,88758.22,87311.9,0.4959,0.1594,0.024,0.5688,0.4173
2025-12-01,STORE_137,NorthEast,Strip/Outlet Tier 3,Normal,217776.63,511227.23,46028.04,107898.97,179831.61,30628.52,3771.37,404894.7,0.426092,172522.36,91282.31,88549.3,0.4924,0.1703,0.021,0.5734,0.4538
2026-01-01,STORE_137,NorthEast,Strip/Outlet Tier 3,Normal,172522.36,404894.7,23977.51,60813.59,101355.99,23890.79,2688.45,337773.06,0.421938,142519.18,53980.69,47375.3,0.4674,0.2357,0.0265,0.6057,0.3008
2026-02-01,STORE_137,NorthEast,Strip/Outlet Tier 3,Normal,142519.18,337773.06,75803.81,183324.22,95232.89,18735.32,2613.42,404515.65,0.418968,169479.04,48843.95,46388.94,0.4871,0.1967,0.0274,0.5865,0.2974
2026-03-01,STORE_137,NorthEast,Strip/Outlet Tier 3,Normal,169479.04,404515.65,63882.68,159570.84,134606.24,16870.47,3108.0,409501.78,0.413698,169410.26,63951.46,70654.78,0.5249,0.1253,0.0231,0.5997,0.417
2026-04-01,STORE_137,NorthEast,Strip/Outlet Tier 3,Normal,169410.26,409501.78,42903.44,103933.99,133613.33,23665.85,1929.79,354226.8,0.413516,146478.31,65835.39,67777.94,0.5073,0.1771,0.0144,0.5872,0.4291
2026-05-01,STORE_137,NorthEast,Strip/Outlet Tier 3,Normal,146478.31,354226.8,65391.31,147841.52,123048.33,19197.95,1931.17,357890.87,0.421994,151027.66,60841.96,62206.37,0.5055,0.156,0.0157,0.5577,0.4182
2026-06-01,STORE_137,NorthEast,Strip/Outlet Tier 3,Normal,151027.66,357890.87,58217.79,138805.18,118895.6,20306.46,2528.28,354965.71,0.421275,149538.05,59707.4,59188.2,0.4978,0.1708,0.0213,0.5806,0.3938
2026-07-01,STORE_137,NorthEast,Strip/Outlet Tier 3,Normal,149538.05,354965.71,70031.1,164232.78,128450.67,26739.5,3075.16,360933.16,0.4229,152638.71,66930.44,61520.23,0.4789,0.2082,0.0239,0.5736,0.4072
2026-08-01,STORE_137,NorthEast,Strip/Outlet Tier 3,Normal,152638.71,360933.16,63658.41,148003.11,126267.07,21766.15,3344.75,357558.3,0.424998,151961.72,64335.4,61931.67,0.4905,0.1724,0.0265,0.5699,0.4066
2026-09-01,STORE_137,NorthEast,Strip/Outlet Tier 3,Normal,151961.72,357558.3,58690.96,152186.66,123496.92,20206.94,2459.76,363581.34,0.413251,150250.4,60402.28,63094.64,0.5109,0.1636,0.0199,0.6143,0.4176
2026-10-01,STORE_137,NorthEast,Strip/Outlet Tier 3,Normal,150250.4,363581.34,119234.35,287698.25,124697.35,17010.76,2493.71,507077.77,0.413777,209817.3,59667.45,65029.9,0.5215,0.1364,0.02,0.5856,0.3612
2024-11-01,STORE_138,Central,Strip/Outlet Tier 3,Shrinkage Anomaly,520093.81,1256484.22,256416.69,588647.25,451787.9,57712.71,28184.41,1307446.45,0.420843,550229.57,226280.93,225506.97,0.4991,0.1277,0.0624,0.5644,0.4214
2024-12-01,STORE_138,Central,Strip/Outlet Tier 3,Shrinkage Anomaly,550229.57,1307446.45,119559.93,278516.69,464194.49,82812.26,27422.92,1011533.47,0.422323,427194.35,242595.15,221599.34,0.4774,0.1784,0.0591,0.5707,0.4534
2025-01-01,STORE_138,Central,Strip/Outlet Tier 3,Shrinkage Anomaly,427194.35,1011533.47,60379.83,151982.15,253303.58,52628.7,14973.98,842609.36,0.419053,353097.6,134476.58,118827.0,0.4691,0.2078,0.0591,0.6027,0.3046
2025-02-01,STORE_138,Central,Strip/Outlet Tier 3,Shrinkage Anomaly,353097.6,842609.36,225444.29,511868.08,249702.99,49077.41,11877.76,1043819.28,0.427133,445849.57,132692.32,117010.67,0.4686,0.1965,0.0476,0.5596,0.2929
2025-03-01,STORE_138,Central,Strip/Outlet Tier 3,Shrinkage Anomaly,445849.57,1043819.28,223509.89,509001.84,384287.85,49189.21,21913.02,1097431.04,0.43106,473058.9,196300.56,187987.29,0.4892,0.128,0.057,0.5609,0.4092
2025-04-01,STORE_138,Central,Strip/Outlet Tier 3,Shrinkage Anomaly,473058.9,1097431.04,94743.46,217116.12,361860.2,46920.68,17786.75,887979.53,0.431938,383551.76,184250.6,177609.6,0.4908,0.1297,0.0492,0.5636,0.4147
2025-05-01,STORE_138,Central,Strip/Outlet Tier 3,Shrinkage Anomaly,383551.76,887979.53,137047.4,345293.49,334929.0,44386.58,19419.83,834537.61,0.422128,352281.75,168317.41,166611.59,0.4975,0.1325,0.058,0.6031,0.4529
2025-06-01,STORE_138,Central,Strip/Outlet Tier 3,Shrinkage Anomaly,352281.75,834537.61,181525.08,467200.38,324941.88,49409.74,15645.84,911740.53,0.410072,373879.63,159927.2,165014.68,0.5078,0.1521,0.0481,0.6115,0.4545
2025-07-01,STORE_138,Central,Strip/Outlet Tier 3,Shrinkage Anomaly,373879.63,911740.53,188562.49,420500.74,326639.43,69139.51,19072.35,917389.98,0.422177,387301.29,175140.83,151498.6,0.4638,0.2117,0.0584,0.5516,0.3981
2025-08-01,STORE_138,Central,Strip/Outlet Tier 3,Shrinkage Anomaly,387301.29,917389.98,160516.42,362860.73,329792.35,48810.06,15740.74,885907.56,0.427899,379078.76,168738.95,161053.4,0.4883,0.148,0.0477,0.5576,0.4203
2025-09-01,STORE_138,Central,Strip/Outlet Tier 3,Shrinkage Anomaly,379078.76,885907.56,187987.46,458786.93,358144.26,51326.42,19747.41,915476.4,0.421706,386062.22,181004.0,177140.26,0.4946,0.1433,0.0551,0.5903,0.463
2025-10-01,STORE_138,Central,Strip/Outlet Tier 3,Shrinkage Anomaly,386062.22,915476.4,271726.92,676453.79,322312.28,54882.94,19743.57,1194991.4,0.413202,493773.14,164016.0,158296.28,0.4911,0.1703,0.0613,0.5983,0.3598
2025-11-01,STORE_138,Central,Strip/Outlet Tier 3,Shrinkage Anomaly,493773.14,1194991.4,275791.25,640107.37,434552.76,71978.29,22121.46,1306446.26,0.419359,547869.43,221694.96,212857.8,0.4898,0.1656,0.0509,0.5691,0.4087
2025-12-01,STORE_138,Central,Strip/Outlet Tier 3,Shrinkage Anomaly,547869.43,1306446.26,120205.91,276811.28,461352.14,68428.83,27439.38,1026037.19,0.421963,432949.24,235126.1,226226.04,0.4904,0.1483,0.0595,0.5657,0.4613
2026-01-01,STORE_138,Central,Strip/Outlet Tier 3,Shrinkage Anomaly,432949.24,1026037.19,60052.33,150702.96,251171.6,49228.71,14095.6,862244.24,0.418955,361241.83,131759.74,119411.86,0.4754,0.196,0.0561,0.6015,0.3007
2026-02-01,STORE_138,Central,Strip/Outlet Tier 3,Shrinkage Anomaly,361241.83,862244.24,234958.96,531643.83,245713.7,50148.01,14041.1,1083985.26,0.427725,463647.61,132553.18,113160.52,0.4605,0.2041,0.0571,0.5581,0.2744
2026-03-01,STORE_138,Central,Strip/Outlet Tier 3,Shrinkage Anomaly,463647.61,1083985.26,180047.15,431320.2,368615.95,53603.28,18407.3,1074678.93,0.424795,456518.65,187176.11,181439.84,0.4922,0.1454,0.0499,0.5826,0.3944
2026-04-01,STORE_138,Central,Strip/Outlet Tier 3,Shrinkage Anomaly,456518.65,1074678.93,135754.03,302642.75,389507.66,69504.08,24449.43,893860.51,0.430018,384375.83,207896.85,181610.81,0.4663,0.1784,0.0628,0.5514,0.4319
2026-05-01,STORE_138,Central,Strip/Outlet Tier 3,Shrinkage Anomaly,384375.83,893860.51,184513.67,410812.92,328340.22,52497.56,20351.54,903484.11,0.43604,393955.0,174934.5,153405.72,0.4672,0.1599,0.062,0.5509,0.3942
2026-06-01,STORE_138,Central,Strip/Outlet Tier 3,Shrinkage Anomaly,393955.0,903484.11,164906.36,402749.14,298723.75,42551.84,16945.91,948011.75,0.427842,405599.18,153262.18,145461.57,0.4869,0.1424,0.0567,0.5905,0.3639
2026-07-01,STORE_138,Central,Strip/Outlet Tier 3,Shrinkage Anomaly,405599.18,948011.75,163428.16,398872.57,337628.49,61598.29,21559.54,926098.0,0.422477,391254.89,177772.45,159856.04,0.4735,0.1824,0.0639,0.5903,0.4012
2026-08-01,STORE_138,Central,Strip/Outlet Tier 3,Shrinkage Anomaly,391254.89,926098.0,137051.65,343673.35,336002.5,43936.43,20174.31,869658.11,0.416064,361833.7,166472.84,169529.66,0.5045,0.1308,0.06,0.6012,0.4502
2026-09-01,STORE_138,Central,Strip/Outlet Tier 3,Shrinkage Anomaly,361833.7,869658.11,168370.95,387390.0,335901.86,46434.27,21625.19,853086.79,0.421785,359819.63,170385.02,165516.84,0.4928,0.1382,0.0644,0.5654,0.4587
2026-10-01,STORE_138,Central,Strip/Outlet Tier 3,Shrinkage Anomaly,359819.63,853086.79,277617.08,729547.64,330430.61,40174.99,18259.08,1193769.75,0.402769,480813.92,156622.79,173807.82,0.526,0.1216,0.0553,0.6195,0.4135
2024-11-01,STORE_139,SouthEast,Strip/Outlet Tier 3,Normal,212077.59,527521.21,98193.62,253377.67,180607.34,23005.16,3863.74,573422.64,0.397326,227835.57,82435.64,98171.7,0.5436,0.1274,0.0214,0.6125,0.4463
2024-12-01,STORE_139,SouthEast,Strip/Outlet Tier 3,Normal,227835.57,573422.64,45984.15,111928.7,186547.83,28183.55,3011.14,467608.82,0.399532,186824.64,86995.08,99552.75,0.5337,0.1511,0.0161,0.5892,0.4802
2025-01-01,STORE_139,SouthEast,Strip/Outlet Tier 3,Normal,186824.64,467608.82,27219.93,62031.93,103386.55,23965.99,1638.11,400650.1,0.404132,161915.37,52129.2,51257.35,0.4958,0.2318,0.0158,0.5612,0.294
2025-02-01,STORE_139,SouthEast,Strip/Outlet Tier 3,Normal,161915.37,400650.1,64397.91,151414.55,95904.9,18094.87,2494.2,435570.68,0.40994,178557.76,47755.52,48149.38,0.5021,0.1887,0.026,0.5747,0.2828
2025-03-01,STORE_139,SouthEast,Strip/Outlet Tier 3,Normal,178557.76,435570.68,70613.87,173566.88,141022.15,20630.23,3249.9,444235.28,0.409056,181717.29,67454.34,73567.81,0.5217,0.1463,0.023,0.5932,0.4084
2025-04-01,STORE_139,SouthEast,Strip/Outlet Tier 3,Normal,181717.29,444235.28,46436.58,114300.77,154197.24,23430.09,3442.14,377466.58,0.408485,154189.62,73964.25,80232.99,0.5203,0.1519,0.0223,0.5937,0.4777
2025-05-01,STORE_139,SouthEast,Strip/Outlet Tier 3,Normal,154189.62,377466.58,65329.85,164332.48,125589.52,22371.86,3435.86,390401.82,0.405168,158178.2,61341.27,64248.25,0.5116,0.1781,0.0274,0.6025,0.4114
2025-06-01,STORE_139,SouthEast,Strip/Outlet Tier 3,Normal,158178.2,390401.82,74230.59,179283.15,129597.83,17552.51,1562.42,420972.21,0.40796,171739.9,60668.89,68928.94,0.5319,0.1354,0.0121,0.586,0.4179
2025-07-01,STORE_139,SouthEast,Strip/Outlet Tier 3,Normal,171739.9,420972.21,63803.73,147389.56,136130.8,28054.93,3383.34,400792.7,0.414426,166098.73,69444.9,66685.9,0.4899,0.2061,0.0249,0.5671,0.3948
2025-08-01,STORE_139,SouthEast,Strip/Outlet Tier 3,Normal,166098.73,400792.7,45071.49,102713.08,126882.09,18225.7,1557.96,356840.03,0.4194,149658.63,61511.59,65370.5,0.5152,0.1436,0.0123,0.5612,0.4141
2025-09-01,STORE_139,SouthEast,Strip/Outlet Tier 3,Normal,149658.63,356840.03,59004.89,147535.96,132425.55,22771.85,2057.61,347120.98,0.413706,143606.13,65057.39,67368.16,0.5087,0.172,0.0155,0.6001,0.4594
2025-10-01,STORE_139,SouthEast,Strip/Outlet Tier 3,Normal,143606.13,347120.98,119382.77,305808.15,123555.73,15654.14,3430.49,510288.77,0.402783,205535.76,57453.14,66102.59,0.535,0.1267,0.0278,0.6096,0.3787
2025-11-01,STORE_139,SouthEast,Strip/Outlet Tier 3,Normal,205535.76,510288.77,102900.01,229113.44,175597.34,29589.9,2875.13,531339.84,0.417142,221644.2,86791.57,88805.77,0.5057,0.1685,0.0164,0.5509,0.4158
2025-12-01,STORE_139,SouthEast,Strip/Outlet Tier 3,Normal,221644.2,531339.84,51208.7,114877.58,191462.64,29673.04,2915.1,422166.64,0.422231,178251.76,94601.14,96861.5,0.5059,0.155,0.0152,0.5542,0.4844
2026-01-01,STORE_139,SouthEast,Strip/Outlet Tier 3,Normal,178251.76,422166.64,23386.46,59292.05,98820.08,22486.31,1601.54,358550.76,0.418807,150163.53,51474.69,47345.39,0.4791,0.2275,0.0162,0.6056,0.2883
2026-02-01,STORE_139,SouthEast,Strip/Outlet Tier 3,Normal,150163.53,358550.76,93922.39,212012.91,100624.88,23052.68,1539.31,445346.8,0.427798,190518.41,53567.51,47057.37,0.4677,0.2291,0.0153,0.557,0.2763
2026-03-01,STORE_139,SouthEast,Strip/Outlet Tier 3,Normal,190518.41,445346.8,78225.94,194042.36,144140.61,25224.37,2447.81,467576.37,0.420314,196528.99,72215.36,71925.25,0.499,0.175,0.017,0.5969,0.3717
2026-04-01,STORE_139,SouthEast,Strip/Outlet Tier 3,Normal,196528.99,467576.37,44694.72,106338.99,147767.63,21073.88,3191.26,401882.59,0.420312,168916.21,72307.5,75460.13,0.5107,0.1426,0.0216,0.5797,0.413
2026-05-01,STORE_139,SouthEast,Strip/Outlet Tier 3,Normal,168916.21,401882.59,46679.05,118605.83,124035.52,15894.8,3174.49,377383.61,0.414217,156318.79,59276.47,64759.05,0.5221,0.1281,0.0256,0.6064,0.3982
2026-06-01,STORE_139,SouthEast,Strip/Outlet Tier 3,Normal,156318.79,377383.61,71132.25,169546.6,130368.13,22252.02,2331.0,391979.06,0.415868,163011.74,64439.3,65928.83,0.5057,0.1707,0.0179,0.5805,0.4129
2026-07-01,STORE_139,SouthEast,Strip/Outlet Tier 3,Normal,163011.74,391979.06,63254.6,156662.8,133991.91,27621.28,3519.6,383509.07,0.412412,158163.64,68102.7,65889.21,0.4917,0.2061,0.0263,0.5962,0.4103
2026-08-01,STORE_139,SouthEast,Strip/Outlet Tier 3,Normal,158163.64,383509.07,60589.29,156165.32,127293.62,21572.33,1981.08,388827.36,0.405342,157608.23,61144.7,66148.92,0.5197,0.1695,0.0156,0.612,0.419
2026-09-01,STORE_139,SouthEast,Strip/Outlet Tier 3,Normal,157608.23,388827.36,67801.92,162181.34,129323.43,19018.83,1673.53,400992.91,0.409086,164040.73,61369.42,67954.01,0.5255,0.1471,0.0129,0.5819,0.4225
2026-10-01,STORE_139,SouthEast,Strip/Outlet Tier 3,Normal,164040.73,400992.91,109099.62,268460.66,128377.98,16354.02,3023.13,521698.44,0.408005,212855.53,60284.82,68093.16,0.5304,0.1274,0.0235,0.5936,0.3613
2024-11-01,STORE_140,West,Strip/Outlet Tier 3,Normal,283289.53,699660.33,118321.87,269421.99,213577.03,27766.69,4379.46,723359.14,0.414424,299777.71,101833.69,111743.34,0.5232,0.13,0.0205,0.5608,0.3833
2024-12-01,STORE_140,West,Strip/Outlet Tier 3,Normal,299777.71,723359.14,55651.28,142272.56,237120.94,37422.43,5223.39,585864.94,0.410601,240556.56,114872.43,122248.51,0.5156,0.1578,0.022,0.6088,0.4525
2025-01-01,STORE_140,West,Strip/Outlet Tier 3,Normal,240556.56,585864.94,30813.61,73309.37,122182.29,24878.02,2207.16,509906.84,0.411682,209919.45,61450.72,60731.57,0.4971,0.2036,0.0181,0.5797,0.2696
2025-02-01,STORE_140,West,Strip/Outlet Tier 3,Normal,209919.45,509906.84,101999.82,247565.26,123118.82,24193.81,2958.61,607200.86,0.41179,250039.11,61880.16,61238.66,0.4974,0.1965,0.024,0.588,0.2663
2025-03-01,STORE_140,West,Strip/Outlet Tier 3,Normal,250039.11,607200.86,76195.69,193133.12,190437.69,23975.55,5262.19,580658.55,0.407623,236689.97,89544.83,100892.86,0.5298,0.1259,0.0276,0.6055,0.4146
2025-04-01,STORE_140,West,Strip/Outlet Tier 3,Normal,236689.97,580658.55,50831.31,114714.53,191190.89,27096.98,2479.72,474605.49,0.413478,196238.8,91282.48,99908.41,0.5226,0.1417,0.013,0.5569,0.4615
2025-05-01,STORE_140,West,Strip/Outlet Tier 3,Normal,196238.8,474605.49,72313.18,182801.77,160603.68,23661.39,3705.25,469436.94,0.408502,191765.79,76786.19,83817.49,0.5219,0.1473,0.0231,0.6044,0.432
2025-06-01,STORE_140,West,Strip/Outlet Tier 3,Normal,191765.79,469436.94,109640.26,253231.15,166138.03,20748.82,4116.84,531664.4,0.417074,221743.38,79662.67,86475.36,0.5205,0.1249,0.0248,0.567,0.4183
2025-07-01,STORE_140,West,Strip/Outlet Tier 3,Normal,221743.38,531664.4,79962.39,204113.16,166284.49,39009.04,3798.97,526685.06,0.41005,215967.34,85738.43,80546.06,0.4844,0.2346,0.0228,0.6082,0.368
2025-08-01,STORE_140,West,Strip/Outlet Tier 3,Normal,215967.34,526685.06,65131.58,170679.26,168863.25,24234.34,2967.96,501298.77,0.403088,202067.33,79031.59,89831.66,0.532,0.1435,0.0176,0.6184,0.4298
2025-09-01,STORE_140,West,Strip/Outlet Tier 3,Normal,202067.33,501298.77,78861.74,186278.65,156819.16,22534.29,3256.67,504967.3,0.408578,206318.58,74610.49,82208.67,0.5242,0.1437,0.0208,0.5766,0.4026
2025-10-01,STORE_140,West,Strip/Outlet Tier 3,Normal,206318.58,504967.3,154399.7,386335.08,163284.18,20190.22,3671.56,704156.42,0.404709,284978.59,75739.69,87544.49,0.5361,0.1237,0.0225,0.6003,0.3564
2025-11-01,STORE_140,West,Strip/Outlet Tier 3,Normal,284978.59,704156.42,127024.25,313041.95,219835.86,31324.01,3788.34,762250.16,0.405037,308739.42,103263.42,116572.44,0.5303,0.1425,0.0172,0.5942,0.3927
2025-12-01,STORE_140,West,Strip/Outlet Tier 3,Normal,308739.42,762250.16,56254.47,139409.22,232348.7,30531.19,4854.09,633925.4,0.404802,256614.53,108379.36,123969.34,0.5335,0.1314,0.0209,0.5965,0.4386
2026-01-01,STORE_140,West,Strip/Outlet Tier 3,Normal,256614.53,633925.4,31713.32,75455.0,125758.34,29314.04,3064.13,551243.89,0.40645,224053.22,64274.63,61483.71,0.4889,0.2331,0.0244,0.5797,0.2558
2026-02-01,STORE_140,West,Strip/Outlet Tier 3,Normal,224053.22,551243.89,78465.44,179743.25,126398.13,24919.08,2200.51,577469.42,0.413849,238985.43,63533.23,62864.9,0.4974,0.1971,0.0174,0.5635,0.2715
2026-03-01,STORE_140,West,Strip/Outlet Tier 3,Normal,238985.43,577469.42,102852.36,247415.01,180025.08,22937.06,4951.66,616970.63,0.414407,255676.88,86160.91,93864.17,0.5214,0.1274,0.0275,0.5843,0.3795
2026-04-01,STORE_140,West,Strip/Outlet Tier 3,Normal,255676.88,616970.63,48824.54,122714.31,188134.68,28878.62,2302.7,520368.94,0.411664,214216.99,90284.43,97850.25,0.5201,0.1535,0.0122,0.6021,0.4165
2026-05-01,STORE_140,West,Strip/Outlet Tier 3,Normal,214216.99,520368.94,56316.52,126245.91,144079.2,19515.27,3973.72,479046.66,0.418384,200425.61,70107.9,73971.3,0.5134,0.1354,0.0276,0.5539,0.3568
2026-06-01,STORE_140,West,Strip/Outlet Tier 3,Normal,200425.61,479046.66,109580.47,257078.82,154262.08,26802.68,3584.07,551476.65,0.421132,232244.53,77761.55,76500.53,0.4959,0.1737,0.0232,0.5737,0.3536
2026-07-01,STORE_140,West,Strip/Outlet Tier 3,Normal,232244.53,551476.65,91123.05,214895.37,165001.4,33833.94,2512.82,565023.86,0.421946,238409.54,84958.04,80043.36,0.4851,0.2051,0.0152,0.576,0.3401
2026-08-01,STORE_140,West,Strip/Outlet Tier 3,Normal,238409.54,565023.86,45399.16,104378.24,164705.61,21143.35,2864.37,480688.77,0.423973,203799.26,80009.44,84696.17,0.5142,0.1284,0.0174,0.5651,0.3831
2026-09-01,STORE_140,West,Strip/Outlet Tier 3,Normal,203799.26,480688.77,81923.11,192676.78,150889.34,26306.87,2016.42,494152.92,0.42432,209678.89,76043.48,74845.86,0.496,0.1743,0.0134,0.5748,0.362
2026-10-01,STORE_140,West,Strip/Outlet Tier 3,Normal,209678.89,494152.92,172931.19,412382.34,154912.78,24617.84,3255.59,723749.05,0.422058,305463.77,77146.31,77766.47,0.502,0.1589,0.021,0.5807,0.3019
2024-11-01,STORE_141,NorthEast,Strip/Outlet Tier 3,Normal,221033.25,540347.74,87689.49,216866.65,196025.38,27383.66,4478.39,529326.96,0.407708,215811.1,92911.64,103113.74,0.526,0.1397,0.0228,0.5957,0.4721
2024-12-01,STORE_141,NorthEast,Strip/Outlet Tier 3,Normal,215811.1,529326.96,49393.28,121241.13,202068.55,35612.29,5519.03,407368.22,0.40765,166063.84,99140.54,102928.01,0.5094,0.1762,0.0273,0.5926,0.5391
2025-01-01,STORE_141,NorthEast,Strip/Outlet Tier 3,Normal,166063.84,407368.22,31338.62,71009.98,118349.96,23587.94,1540.92,334899.38,0.412649,138196.02,59206.44,59143.52,0.4997,0.1993,0.013,0.5587,0.3888
2025-02-01,STORE_141,NorthEast,Strip/Outlet Tier 3,Normal,138196.02,334899.38,103950.24,259036.88,114141.84,24667.36,3100.04,452027.02,0.407697,184290.23,57856.03,56285.81,0.4931,0.2161,0.0272,0.5987,0.3491
2025-03-01,STORE_141,NorthEast,Strip/Outlet Tier 3,Normal,184290.23,452027.02,97057.25,228867.01,166850.1,28202.03,3992.0,481849.9,0.413203,199101.84,82245.64,84604.46,0.5071,0.169,0.0239,0.5759,0.4413
2025-04-01,STORE_141,NorthEast,Strip/Outlet Tier 3,Normal,199101.84,481849.9,56758.17,133376.82,174321.13,27890.73,4155.46,408859.4,0.415879,170036.13,85823.88,88497.25,0.5077,0.16,0.0238,0.5745,0.4795
2025-05-01,STORE_141,NorthEast,Strip/Outlet Tier 3,Normal,170036.13,408859.4,61864.34,149290.29,141016.73,21952.66,3387.05,391793.25,0.415481,162782.57,69117.9,71898.83,0.5099,0.1557,0.024,0.5856,0.4321
2025-06-01,STORE_141,NorthEast,Strip/Outlet Tier 3,Normal,162782.57,391793.25,83246.71,192212.83,141228.22,19154.93,3755.85,419867.08,0.421279,176881.03,69148.25,72079.97,0.5104,0.1356,0.0266,0.5669,0.4244
2025-07-01,STORE_141,NorthEast,Strip/Outlet Tier 3,Normal,176881.03,419867.08,81189.15,197753.59,153476.61,34042.98,3423.04,426678.04,0.417846,178285.61,79784.57,73692.04,0.4802,0.2218,0.0223,0.5894,0.415
2025-08-01,STORE_141,NorthEast,Strip/Outlet Tier 3,Normal,178285.61,426678.04,56935.26,134530.04,143779.08,23363.11,2861.95,391203.94,0.419133,163966.51,71254.36,72524.72,0.5044,0.1625,0.0199,0.5768,0.4238
2025-09-01,STORE_141,NorthEast,Strip/Outlet Tier 3,Normal,163966.51,391203.94,66936.63,175087.0,138647.9,22579.91,3250.59,401812.54,0.407746,163837.65,67065.49,71582.41,0.5163,0.1629,0.0234,0.6177,0.4367
2025-10-01,STORE_141,NorthEast,Strip/Outlet Tier 3,Normal,163837.65,401812.54,126253.9,297440.57,136188.13,22200.79,2674.13,538190.06,0.414859,223273.07,66818.48,69369.65,0.5094,0.163,0.0196,0.5755,0.3584
2025-11-01,STORE_141,NorthEast,Strip/Outlet Tier 3,Normal,223273.07,538190.06,96120.28,234176.39,197419.56,25771.63,4189.68,544985.58,0.413526,225365.52,94027.83,103391.73,0.5237,0.1305,0.0212,0.5895,0.4609
2025-12-01,STORE_141,NorthEast,Strip/Outlet Tier 3,Normal,225365.52,544985.58,53554.09,123799.63,206332.71,32158.66,4349.03,425944.81,0.417054,177642.03,101277.58,105055.13,0.5092,0.1559,0.0211,0.5674,0.5214
2026-01-01,STORE_141,NorthEast,Strip/Outlet Tier 3,Normal,177642.03,425944.81,28519.8,71185.85,118643.09,21548.95,2981.67,353956.95,0.414704,146787.19,59374.64,59268.45,0.4996,0.1816,0.0251,0.5994,0.3654
2026-02-01,STORE_141,NorthEast,Strip/Outlet Tier 3,Normal,146787.19,353956.95,100257.7,245634.67,117803.73,23144.27,2858.29,455785.33,0.412022,187793.55,59251.34,58552.39,0.497,0.1965,0.0243,0.5918,0.35
2026-03-01,STORE_141,NorthEast,Strip/Outlet Tier 3,Normal,187793.55,455785.33,81049.26,195915.16,162289.02,20037.15,2279.69,467094.63,0.412525,192688.26,76154.55,86134.47,0.5307,0.1235,0.014,0.5863,0.4528
2026-04-01,STORE_141,NorthEast,Strip/Outlet Tier 3,Normal,192688.26,467094.63,60268.77,151436.92,179065.64,29384.06,3270.13,406811.72,0.408964,166371.28,86585.75,92479.89,0.5165,0.1641,0.0183,0.602,0.5151
2026-05-01,STORE_141,NorthEast,Strip/Outlet Tier 3,Normal,166371.28,406811.72,68540.66,153599.13,139115.95,21105.9,3650.76,396538.24,0.419178,166220.14,68691.8,70424.15,0.5062,0.1517,0.0262,0.5538,0.4235
2026-06-01,STORE_141,NorthEast,Strip/Outlet Tier 3,Normal,166220.14,396538.24,70572.4,162998.67,136398.44,16970.25,3767.96,402400.26,0.423194,170293.29,66499.25,69899.19,0.5125,0.1244,0.0276,0.567,0.4154
2026-07-01,STORE_141,NorthEast,Strip/Outlet Tier 3,Normal,170293.29,402400.26,78017.87,204548.06,151303.63,27482.34,1880.85,426281.5,0.409114,174397.8,73913.36,77390.27,0.5115,0.1816,0.0124,0.6186,0.449
2026-08-01,STORE_141,NorthEast,Strip/Outlet Tier 3,Normal,174397.8,426281.5,51680.05,126930.6,151655.94,19112.8,3086.93,379356.43,0.408664,155029.3,71048.55,80607.39,0.5315,0.126,0.0204,0.5928,0.4894
2026-09-01,STORE_141,NorthEast,Strip/Outlet Tier 3,Normal,155029.3,379356.43,60635.53,149280.15,145146.13,19411.27,2229.26,361849.92,0.407964,147621.83,68043.0,77103.13,0.5312,0.1337,0.0154,0.5938,0.5095
2026-10-01,STORE_141,NorthEast,Strip/Outlet Tier 3,Normal,147621.83,361849.92,153855.24,346498.0,142447.28,24674.91,3821.21,537404.52,0.425606,228722.55,72754.52,69692.76,0.4893,0.1732,0.0268,0.556,0.3704
2024-11-01,STORE_142,Central,Strip/Outlet Tier 3,Normal,275045.2,627272.11,149590.12,344269.56,247464.1,34532.99,4988.92,684555.66,0.437074,299201.28,125434.04,122030.06,0.4931,0.1395,0.0202,0.5655,0.425
2024-12-01,STORE_142,Central,Strip/Outlet Tier 3,Normal,299201.28,684555.66,59757.25,146063.43,243439.05,31039.41,4412.38,551728.25,0.432158,238433.67,120524.86,122914.19,0.5049,0.1275,0.0181,0.5909,0.4572
2025-01-01,STORE_142,Central,Strip/Outlet Tier 3,Normal,238433.67,551728.25,31407.31,79858.85,133098.08,24056.17,2179.28,472253.57,0.427243,201766.89,68074.09,65023.99,0.4885,0.1807,0.0164,0.6067,0.2954
2025-02-01,STORE_142,Central,Strip/Outlet Tier 3,Normal,201766.89,472253.57,89308.88,208300.96,134579.68,27672.4,3139.05,515163.4,0.427704,220337.35,70738.42,63841.26,0.4744,0.2056,0.0233,0.5713,0.3025
2025-03-01,STORE_142,Central,Strip/Outlet Tier 3,Normal,220337.35,515163.4,85697.8,223702.77,190839.8,28188.71,2985.47,516852.19,0.414196,214077.93,91957.22,98882.58,0.5181,0.1477,0.0156,0.6169,0.4552
2025-04-01,STORE_142,Central,Strip/Outlet Tier 3,Normal,214077.93,516852.19,71061.91,178636.39,195311.92,32752.84,2994.28,464429.54,0.409985,190409.11,94730.73,100581.19,0.515,0.1677,0.0153,0.6022,0.4973
2025-05-01,STORE_142,Central,Strip/Outlet Tier 3,Normal,190409.11,464429.54,75108.19,189586.9,162273.41,22667.55,3193.14,465882.34,0.40598,189138.7,76378.6,85894.81,0.5293,0.1397,0.0197,0.6038,0.4526
2025-06-01,STORE_142,Central,Strip/Outlet Tier 3,Normal,189138.7,465882.34,73216.07,171772.88,168955.35,25129.21,2934.24,440636.42,0.411437,181294.0,81060.77,87894.58,0.5202,0.1487,0.0174,0.5738,0.4746
2025-07-01,STORE_142,Central,Strip/Outlet Tier 3,Normal,181294.0,440636.42,93127.49,227014.68,169119.82,31073.76,2761.44,464696.08,0.411025,191001.84,83419.65,85700.17,0.5067,0.1837,0.0163,0.5898,0.4604
2025-08-01,STORE_142,Central,Strip/Outlet Tier 3,Normal,191001.84,464696.08,79415.02,201795.2,175667.69,31176.66,3750.55,455896.38,0.405732,184971.76,85445.1,90222.59,0.5136,0.1775,0.0214,0.6065,0.4799
2025-09-01,STORE_142,Central,Strip/Outlet Tier 3,Normal,184971.76,455896.38,88482.98,196836.5,173150.13,27946.69,2714.68,448921.38,0.418938,188070.32,85384.42,87765.71,0.5069,0.1614,0.0157,0.5505,0.4705
2025-10-01,STORE_142,Central,Strip/Outlet Tier 3,Normal,188070.32,448921.38,151109.35,387051.11,184652.54,25380.53,5163.65,620775.77,0.405731,251867.76,87311.91,97340.63,0.5272,0.1375,0.028,0.6096,0.4425
2025-11-01,STORE_142,Central,Strip/Outlet Tier 3,Normal,251867.76,620775.77,123939.69,307828.49,238807.51,38193.73,3364.2,648238.82,0.404701,262343.16,113464.29,125343.22,0.5249,0.1599,0.0141,0.5974,0.4875
2025-12-01,STORE_142,Central,Strip/Outlet Tier 3,Normal,262343.16,648238.82,53480.26,134909.02,224848.37,36578.91,3260.21,518460.35,0.403274,209081.75,106741.67,118106.7,0.5253,0.1627,0.0145,0.6036,0.5011
2026-01-01,STORE_142,Central,Strip/Outlet Tier 3,Normal,209081.75,518460.35,31082.22,76193.56,126989.26,28374.27,2213.26,437077.12,0.403872,176523.14,63640.83,63348.43,0.4988,0.2234,0.0174,0.5921,0.3286
2026-02-01,STORE_142,Central,Strip/Outlet Tier 3,Normal,176523.14,437077.12,111956.95,287000.36,140873.88,33803.48,2994.53,546405.59,0.398411,217693.74,70786.35,70087.53,0.4975,0.24,0.0213,0.6099,0.3556
2026-03-01,STORE_142,Central,Strip/Outlet Tier 3,Normal,217693.74,546405.59,83084.03,210799.88,198179.28,25748.95,4237.4,529039.84,0.397221,210145.63,90632.14,107547.14,0.5427,0.1299,0.0214,0.6059,0.5027
2026-04-01,STORE_142,Central,Strip/Outlet Tier 3,Normal,210145.63,529039.84,54457.54,131306.05,197365.34,32185.54,2989.85,427805.16,0.400704,171423.19,93179.98,104185.36,0.5279,0.1631,0.0151,0.5853,0.5461
2026-05-01,STORE_142,Central,Strip/Outlet Tier 3,Normal,171423.19,427805.16,73008.57,191179.09,174382.4,27721.41,3092.56,413787.88,0.394892,163401.41,81030.35,93352.05,0.5353,0.159,0.0177,0.6181,0.5576
2026-06-01,STORE_142,Central,Strip/Outlet Tier 3,Normal,163401.41,413787.88,111983.49,251484.73,170219.76,23070.08,3231.22,468751.55,0.413943,194036.39,81348.51,88871.25,0.5221,0.1355,0.019,0.5547,0.4973
2026-07-01,STORE_142,Central,Strip/Outlet Tier 3,Normal,194036.39,468751.55,94593.91,219455.27,174794.37,34870.74,2553.28,475988.43,0.419395,199627.03,89003.27,85791.1,0.4908,0.1995,0.0146,0.569,0.4359
2026-08-01,STORE_142,Central,Strip/Outlet Tier 3,Normal,199627.03,475988.43,78821.49,196727.06,185103.91,31052.75,5052.55,451506.28,0.413917,186886.22,91562.3,93541.61,0.5053,0.1678,0.0273,0.5993,0.484
2026-09-01,STORE_142,Central,Strip/Outlet Tier 3,Normal,186886.22,451506.28,81005.04,196644.64,174813.5,21036.77,4845.0,447455.65,0.413316,184940.66,82950.6,91862.9,0.5255,0.1203,0.0277,0.5881,0.4941
2026-10-01,STORE_142,Central,Strip/Outlet Tier 3,Normal,184940.66,447455.65,164567.16,403450.25,161224.05,25376.92,3261.27,661043.66,0.410748,271522.3,77985.52,83238.53,0.5163,0.1574,0.0202,0.5921,0.3647
2024-11-01,STORE_143,SouthEast,Strip/Outlet Tier 3,Normal,275312.42,683614.48,105586.43,255449.85,220076.54,30042.61,3329.84,685615.34,0.405615,278096.06,102802.79,117273.75,0.5329,0.1365,0.0151,0.5867,0.4238
2024-12-01,STORE_143,SouthEast,Strip/Outlet Tier 3,Normal,278096.06,685615.34,53127.4,139517.55,232529.25,29369.54,2890.39,560343.71,0.401418,224932.23,106291.23,126238.02,0.5429,0.1263,0.0124,0.6192,0.5019
2025-01-01,STORE_143,SouthEast,Strip/Outlet Tier 3,Normal,224932.23,560343.71,33971.74,80031.49,133385.82,25584.23,2398.5,479006.65,0.4043,193662.6,65241.37,68144.45,0.5109,0.1918,0.018,0.5755,0.3256
2025-02-01,STORE_143,SouthEast,Strip/Outlet Tier 3,Normal,193662.6,479006.65,104647.13,266552.04,132091.21,30485.29,2787.74,580194.45,0.400116,232144.9,66164.83,65926.38,0.4991,0.2308,0.0211,0.6074,0.3097
2025-03-01,STORE_143,SouthEast,Strip/Outlet Tier 3,Normal,232144.9,580194.45,88147.01,213656.98,174459.34,30137.12,2643.28,586611.69,0.403466,236677.76,83614.15,90845.19,0.5207,0.1727,0.0152,0.5874,0.3875
2025-04-01,STORE_143,SouthEast,Strip/Outlet Tier 3,Normal,236677.76,586611.69,44884.55,116149.69,193582.81,30325.21,3988.44,474864.92,0.400651,190255.28,91307.03,102275.78,0.5283,0.1567,0.0206,0.6136,0.4791
2025-05-01,STORE_143,SouthEast,Strip/Outlet Tier 3,Normal,190255.28,474864.92,78702.13,191661.94,166753.43,28854.94,4206.63,466711.86,0.403521,188327.91,80629.5,86123.93,0.5165,0.173,0.0252,0.5894,0.455
2025-06-01,STORE_143,SouthEast,Strip/Outlet Tier 3,Normal,188327.91,466711.86,95012.38,246328.11,157206.87,24796.96,4182.74,526853.4,0.397369,209355.44,73984.85,83222.02,0.5294,0.1577,0.0266,0.6143,0.4185
2025-07-01,STORE_143,SouthEast,Strip/Outlet Tier 3,Normal,209355.44,526853.4,81709.44,200686.87,168439.55,37493.25,4060.99,517546.48,0.400067,207053.29,84011.59,84427.96,0.5012,0.2226,0.0241,0.5929,0.4055
2025-08-01,STORE_143,SouthEast,Strip/Outlet Tier 3,Normal,207053.29,517546.48,66824.48,173097.09,172150.48,21545.02,2501.69,494446.38,0.396554,196074.9,77802.87,94347.61,0.5481,0.1252,0.0145,0.6139,0.4681
2025-09-01,STORE_143,SouthEast,Strip/Outlet Tier 3,Normal,196074.9,494446.38,67047.39,171050.24,165543.41,25569.22,2482.44,471901.55,0.395377,186579.18,76543.11,89000.3,0.5376,0.1545,0.015,0.608,0.4652
2025-10-01,STORE_143,SouthEast,Strip/Outlet Tier 3,Normal,186579.18,471901.55,164508.33,406209.03,155396.5,27821.21,3573.01,691319.86,0.399822,276404.56,74682.95,80713.55,0.5194,0.179,0.023,0.595,0.3487
2025-11-01,STORE_143,SouthEast,Strip/Outlet Tier 3,Normal,276404.56,691319.86,134529.72,302369.28,226471.08,39121.22,4446.54,723650.3,0.413544,299261.31,111672.97,114798.11,0.5069,0.1727,0.0196,0.5551,0.3988
2025-12-01,STORE_143,SouthEast,Strip/Outlet Tier 3,Normal,299261.31,723650.3,59110.71,145328.22,242213.7,34799.86,4405.67,587559.29,0.412406,242313.02,116059.0,126154.7,0.5208,0.1437,0.0182,0.5933,0.4659
2026-01-01,STORE_143,SouthEast,Strip/Outlet Tier 3,Normal,242313.02,587559.29,33207.45,74343.44,123905.74,28766.21,3411.54,505819.24,0.416255,210549.9,64970.57,58935.17,0.4756,0.2322,0.0275,0.5533,0.2603
2026-02-01,STORE_143,SouthEast,Strip/Outlet Tier 3,Normal,210549.9,505819.24,103508.8,246457.19,123482.4,29118.94,2925.46,596749.63,0.417478,249129.72,64928.98,58553.42,0.4742,0.2358,0.0237,0.58,0.2548
2026-03-01,STORE_143,SouthEast,Strip/Outlet Tier 3,Normal,249129.72,596749.63,84986.87,201025.45,188466.44,25008.1,4932.21,579368.33,0.418811,242645.55,91471.04,96995.4,0.5147,0.1327,0.0262,0.5772,0.3945
2026-04-01,STORE_143,SouthEast,Strip/Outlet Tier 3,Normal,242645.55,579368.33,64074.03,148993.33,190823.36,28489.0,2693.34,506355.96,0.421109,213231.0,93488.58,97334.78,0.5101,0.1493,0.0141,0.57,0.427
2026-05-01,STORE_143,SouthEast,Strip/Outlet Tier 3,Normal,213231.0,506355.96,72886.79,168915.76,167628.88,23274.37,3451.35,480917.12,0.423708,203768.26,82349.53,85279.35,0.5087,0.1388,0.0206,0.5685,0.409
2026-06-01,STORE_143,SouthEast,Strip/Outlet Tier 3,Normal,203768.26,480917.12,88890.49,210094.65,152727.01,19771.85,4161.37,514351.54,0.423522,217839.24,74819.51,77907.5,0.5101,0.1295,0.0272,0.5769,0.3696
2026-07-01,STORE_143,SouthEast,Strip/Outlet Tier 3,Normal,217839.24,514351.54,84411.53,218003.69,169332.1,33285.24,3809.03,525928.86,0.412711,217056.42,85194.35,84137.75,0.4969,0.1966,0.0225,0.6128,0.3869
2026-08-01,STORE_143,SouthEast,Strip/Outlet Tier 3,Normal,217056.42,525928.86,71035.63,184403.44,166896.2,20943.51,2455.22,520037.37,0.405574,210913.44,77178.61,89717.59,0.5376,0.1255,0.0147,0.6148,0.4193
2026-09-01,STORE_143,SouthEast,Strip/Outlet Tier 3,Normal,210913.44,520037.37,58504.37,131631.82,151903.27,23115.75,3822.6,472827.57,0.413427,195479.81,73938.0,77965.27,0.5133,0.1522,0.0252,0.5555,0.3837
2026-10-01,STORE_143,SouthEast,Strip/Outlet Tier 3,Normal,195479.81,472827.57,194590.31,436682.34,169022.22,23837.41,2991.84,713658.44,0.428879,306073.45,83996.67,85025.55,0.503,0.141,0.0177,0.5544,0.339
2024-11-01,STORE_144,West,Strip/Outlet Tier 3,Normal,205830.26,476915.92,90365.23,207796.52,187660.9,22907.32,2925.21,471219.01,0.432584,203841.7,92353.79,95307.11,0.5079,0.1221,0.0156,0.5651,0.4653
2024-12-01,STORE_144,West,Strip/Outlet Tier 3,Normal,203841.7,471219.01,45286.04,114316.5,190527.5,33131.62,3474.96,358401.43,0.42547,152489.02,96638.72,93888.78,0.4928,0.1739,0.0182,0.6039,0.527
2025-01-01,STORE_144,West,Strip/Outlet Tier 3,Normal,152489.02,358401.43,24229.7,63289.03,105481.72,21020.22,2135.56,293052.96,0.419072,122810.33,53908.39,51573.33,0.4889,0.1993,0.0202,0.6172,0.3747
2025-02-01,STORE_144,West,Strip/Outlet Tier 3,Normal,122810.33,293052.96,89889.39,220128.09,102914.25,19830.37,2494.62,387941.81,0.414473,160791.43,51908.29,51005.96,0.4956,0.1927,0.0242,0.5916,0.3597
2025-03-01,STORE_144,West,Strip/Outlet Tier 3,Normal,160791.43,387941.81,80814.14,182586.88,161462.58,21372.07,4204.83,383489.21,0.423477,162398.72,79206.85,82255.73,0.5094,0.1324,0.026,0.5574,0.509
2025-04-01,STORE_144,West,Strip/Outlet Tier 3,Normal,162398.72,383489.21,64391.15,146779.38,154877.78,23198.27,3713.97,348478.57,0.427689,149040.34,77749.53,77128.25,0.498,0.1498,0.024,0.5613,0.4953
2025-05-01,STORE_144,West,Strip/Outlet Tier 3,Normal,149040.34,348478.57,63563.47,141464.79,130915.05,22249.07,2928.08,333851.16,0.433935,144869.87,67733.94,63181.11,0.4826,0.17,0.0224,0.5507,0.4299
2025-06-01,STORE_144,West,Strip/Outlet Tier 3,Normal,144869.87,333851.16,80756.32,205657.41,137759.8,19488.21,2146.28,380114.28,0.418207,158966.4,66659.79,71100.01,0.5161,0.1415,0.0156,0.6073,0.468
2025-07-01,STORE_144,West,Strip/Outlet Tier 3,Normal,158966.4,380114.28,59441.53,142575.75,138384.67,25310.84,3108.42,355886.1,0.417854,148708.3,69699.63,68685.04,0.4963,0.1829,0.0225,0.5831,0.4465
2025-08-01,STORE_144,West,Strip/Outlet Tier 3,Normal,148708.3,355886.1,71064.43,172358.44,146104.66,20286.63,2731.31,359121.94,0.416044,149410.36,70362.37,75742.29,0.5184,0.1388,0.0187,0.5877,0.5081
2025-09-01,STORE_144,West,Strip/Outlet Tier 3,Normal,149410.36,359121.94,60444.09,135127.73,131927.54,16729.8,2961.77,342630.56,0.424592,145478.19,64376.26,67551.28,0.512,0.1268,0.0224,0.5527,0.4581
2025-10-01,STORE_144,West,Strip/Outlet Tier 3,Normal,145478.19,342630.56,121951.49,298802.28,141252.73,16979.84,2175.95,481024.32,0.416925,200551.28,66878.4,74374.33,0.5265,0.1202,0.0154,0.5919,0.4299
2025-11-01,STORE_144,West,Strip/Outlet Tier 3,Normal,200551.28,481024.32,98970.82,237687.78,186768.6,26373.31,3618.4,501951.79,0.416748,209187.59,90334.51,96434.09,0.5163,0.1412,0.0194,0.5836,0.4707
2025-12-01,STORE_144,West,Strip/Outlet Tier 3,Normal,209187.59,501951.79,45321.98,114396.64,190661.06,33270.4,3822.05,388594.92,0.412931,160463.01,94046.56,96614.5,0.5067,0.1745,0.02,0.6038,0.5227
2026-01-01,STORE_144,West,Strip/Outlet Tier 3,Normal,160463.01,388594.92,23635.87,61598.96,102664.94,20107.88,1264.09,326156.97,0.408932,133376.16,50722.72,51942.22,0.5059,0.1959,0.0123,0.6163,0.3535
2026-02-01,STORE_144,West,Strip/Outlet Tier 3,Normal,133376.16,326156.97,84293.36,203194.61,108597.77,20252.15,2865.15,397636.51,0.4112,163508.25,54161.27,54436.5,0.5013,0.1865,0.0264,0.5852,0.3667
2026-03-01,STORE_144,West,Strip/Outlet Tier 3,Normal,163508.25,397636.51,72462.47,175571.73,153747.04,23076.27,3646.62,392738.31,0.411667,161677.27,74293.45,79453.59,0.5168,0.1501,0.0237,0.5873,0.4887
2026-04-01,STORE_144,West,Strip/Outlet Tier 3,Normal,161677.27,392738.31,55223.65,134090.87,151199.49,25839.47,3317.97,346472.25,0.41171,142646.14,74254.78,76944.71,0.5089,0.1709,0.0219,0.5882,0.5057
2026-05-01,STORE_144,West,Strip/Outlet Tier 3,Normal,142646.14,346472.25,66308.14,156161.18,123258.59,20088.71,2489.78,356796.35,0.415719,148327.03,60627.25,62631.34,0.5081,0.163,0.0202,0.5754,0.4305
2026-06-01,STORE_144,West,Strip/Outlet Tier 3,Normal,148327.03,356796.35,59107.79,136229.1,131881.08,18609.46,2557.66,339977.25,0.420739,143041.54,64393.28,67487.8,0.5117,0.1411,0.0194,0.5661,0.4632
2026-07-01,STORE_144,West,Strip/Outlet Tier 3,Normal,143041.54,339977.25,69990.95,165615.76,139848.51,28385.94,2063.86,335294.7,0.421352,141277.0,71755.49,68093.02,0.4869,0.203,0.0148,0.5774,0.479
2026-08-01,STORE_144,West,Strip/Outlet Tier 3,Normal,141277.0,335294.7,71475.47,165746.18,137374.65,24410.38,2763.99,336491.86,0.424621,142881.5,69870.97,67503.68,0.4914,0.1777,0.0201,0.5688,0.4751
2026-09-01,STORE_144,West,Strip/Outlet Tier 3,Normal,142881.5,336491.86,66725.93,161656.52,137180.71,21798.61,3788.66,335380.4,0.420773,141119.05,68488.38,68692.33,0.5007,0.1589,0.0276,0.5872,0.4837
2026-10-01,STORE_144,West,Strip/Outlet Tier 3,Normal,141119.05,335380.4,128429.85,295568.07,131880.8,15882.44,3448.33,479736.9,0.427212,204949.47,64599.43,67281.37,0.5102,0.1204,0.0261,0.5655,0.3888
2024-11-01,STORE_145,NorthEast,Strip/Outlet Tier 3,Normal,306418.76,701538.22,142136.97,321884.08,224015.25,38363.61,5890.26,755153.18,0.43829,330976.07,117579.66,106435.59,0.4751,0.1713,0.0263,0.5584,0.334
2024-12-01,STORE_145,NorthEast,Strip/Outlet Tier 3,Normal,330976.07,755153.18,56475.17,147982.89,246638.15,42676.29,3104.23,610717.4,0.429006,262001.73,125449.51,121188.64,0.4914,0.173,0.0126,0.6184,0.4087
2025-01-01,STORE_145,NorthEast,Strip/Outlet Tier 3,Normal,262001.73,610717.4,32132.24,83070.01,138450.01,25549.51,2457.27,527330.62,0.423954,223563.94,70570.03,67879.98,0.4903,0.1845,0.0177,0.6132,0.2796
2025-02-01,STORE_145,NorthEast,Strip/Outlet Tier 3,Normal,223563.94,527330.62,83589.47,211804.16,132936.23,26855.53,2145.14,577197.88,0.415558,239859.23,67294.18,65642.05,0.4938,0.202,0.0161,0.6053,0.2833
2025-03-01,STORE_145,NorthEast,Strip/Outlet Tier 3,Normal,239859.23,577197.88,101891.82,240298.96,198267.06,25525.53,5544.15,588160.1,0.418046,245877.81,95873.24,102393.82,0.5164,0.1287,0.028,0.576,0.4216
2025-04-01,STORE_145,NorthEast,Strip/Outlet Tier 3,Normal,245877.81,588160.1,57695.87,143973.12,189707.41,31998.17,4146.85,506280.79,0.414643,209925.62,93648.06,96059.35,0.5064,0.1687,0.0219,0.5993,0.4215
2025-05-01,STORE_145,NorthEast,Strip/Outlet Tier 3,Normal,209925.62,506280.79,79860.74,206258.58,171598.72,30868.75,4762.28,505309.62,0.406695,205507.01,84279.35,87319.37,0.5089,0.1799,0.0278,0.6128,0.4204
2025-06-01,STORE_145,NorthEast,Strip/Outlet Tier 3,Normal,205507.01,505309.62,98692.12,247942.94,175918.99,21798.31,3019.16,552516.1,0.403847,223132.22,81066.91,94852.08,0.5392,0.1239,0.0172,0.602,0.4426
2025-07-01,STORE_145,NorthEast,Strip/Outlet Tier 3,Normal,223132.22,552516.1,77481.36,194108.4,176595.9,36059.91,4404.82,529563.87,0.40263,213218.41,87395.17,89200.73,0.5051,0.2042,0.0249,0.6008,0.4088
2025-08-01,STORE_145,NorthEast,Strip/Outlet Tier 3,Normal,213218.41,529563.87,70941.68,159014.22,174849.81,28765.13,2396.11,482567.04,0.412677,199144.14,85015.95,89833.86,0.5138,0.1645,0.0137,0.5539,0.4357
2025-09-01,STORE_145,NorthEast,Strip/Outlet Tier 3,Normal,199144.14,482567.04,87904.48,226607.68,172066.79,21153.21,4372.73,511581.99,0.404764,207070.13,79978.49,92088.3,0.5352,0.1229,0.0254,0.6121,0.4534
2025-10-01,STORE_145,NorthEast,Strip/Outlet Tier 3,Normal,207070.13,511581.99,182985.05,431676.16,175051.69,21033.29,3492.41,743680.76,0.413519,307526.13,82529.05,92522.64,0.5285,0.1202,0.02,0.5761,0.3596
2025-11-01,STORE_145,NorthEast,Strip/Outlet Tier 3,Normal,307526.13,743680.76,116778.22,262107.5,230138.36,32134.08,5356.8,738159.02,0.421863,311401.61,112902.74,117235.62,0.5094,0.1396,0.0233,0.5545,0.3788
2025-12-01,STORE_145,NorthEast,Strip/Outlet Tier 3,Normal,311401.61,738159.02,68451.03,153080.39,255133.99,41335.63,6408.08,588361.71,0.426207,250763.99,129088.65,126045.34,0.494,0.162,0.0251,0.5528,0.4484
2026-01-01,STORE_145,NorthEast,Strip/Outlet Tier 3,Normal,250763.99,588361.71,33618.45,79965.8,133276.33,30334.21,3254.94,501462.03,0.425514,213378.91,71003.53,62272.8,0.4672,0.2276,0.0244,0.5796,0.2683
2026-02-01,STORE_145,NorthEast,Strip/Outlet Tier 3,Normal,213378.91,501462.03,117855.76,277797.94,140543.79,33184.09,2013.37,603518.72,0.425063,256533.55,74701.12,65842.67,0.4685,0.2361,0.0143,0.5758,0.2802
2026-03-01,STORE_145,NorthEast,Strip/Outlet Tier 3,Normal,256533.55,603518.72,95366.64,228565.16,199521.45,35817.25,2949.32,593795.86,0.422914,251124.77,100775.42,98746.03,0.4949,0.1795,0.0148,0.5828,0.389
2026-04-01,STORE_145,NorthEast,Strip/Outlet Tier 3,Normal,251124.77,593795.86,76318.69,189322.86,196960.28,35023.37,5235.95,545899.12,0.418127,228255.43,99188.03,97772.25,0.4964,0.1778,0.0266,0.5969,0.4079
2026-05-01,STORE_145,NorthEast,Strip/Outlet Tier 3,Normal,228255.43,545899.12,65444.92,154417.95,166247.4,20187.14,4214.45,509668.08,0.419382,213745.6,79954.75,86292.65,0.5191,0.1214,0.0254,0.5762,0.3905
2026-06-01,STORE_145,NorthEast,Strip/Outlet Tier 3,Normal,213745.6,509668.08,88151.83,206079.71,166216.98,24018.56,2592.43,522919.82,0.421793,220563.94,81333.49,84883.49,0.5107,0.1445,0.0156,0.5722,0.3909
2026-07-01,STORE_145,NorthEast,Strip/Outlet Tier 3,Normal,220563.94,522919.82,95004.84,234557.16,185243.62,39764.15,2697.28,529771.93,0.416605,220705.69,94863.09,90380.53,0.4879,0.2147,0.0146,0.595,0.4096
2026-08-01,STORE_145,NorthEast,Strip/Outlet Tier 3,Normal,220705.69,529771.93,73762.18,175807.37,175029.41,22903.85,3397.01,504249.03,0.417342,210444.29,84023.58,91005.83,0.5199,0.1309,0.0194,0.5804,0.4222
2026-09-01,STORE_145,NorthEast,Strip/Outlet Tier 3,Normal,210444.29,504249.03,68706.27,175343.41,169309.37,22712.22,2773.12,484797.73,0.410762,199136.35,80014.21,89295.16,0.5274,0.1341,0.0164,0.6082,0.436
2026-10-01,STORE_145,NorthEast,Strip/Outlet Tier 3,Normal,199136.35,484797.73,149616.96,383596.91,168512.47,22204.42,4350.28,673327.47,0.401607,270412.98,78340.33,90172.14,0.5351,0.1318,0.0258,0.61,0.3841
2024-11-01,STORE_146,Central,Strip/Outlet Tier 3,Normal,261550.22,646257.75,122011.67,281694.17,223566.15,28867.34,5025.54,670492.89,0.413342,277143.15,106418.74,117147.41,0.524,0.1291,0.0225,0.5669,0.4349
2024-12-01,STORE_146,Central,Strip/Outlet Tier 3,Normal,277143.15,670492.89,62735.93,151367.2,252278.66,41451.59,4804.82,523325.02,0.413549,216420.32,123458.76,128819.9,0.5106,0.1643,0.019,0.5855,0.522
2025-01-01,STORE_146,Central,Strip/Outlet Tier 3,Normal,216420.32,523325.02,32986.06,81471.84,135786.4,31862.43,3338.78,433809.25,0.41238,178894.44,70511.94,65274.46,0.4807,0.2347,0.0246,0.5951,0.3302
2025-02-01,STORE_146,Central,Strip/Outlet Tier 3,Normal,178894.44,433809.25,125406.07,298382.76,129247.62,29909.31,2103.57,570931.51,0.415602,237280.31,67020.2,62227.42,0.4815,0.2314,0.0163,0.5797,0.299
2025-03-01,STORE_146,Central,Strip/Outlet Tier 3,Normal,237280.31,570931.51,76821.89,200028.21,206395.13,25113.99,3625.51,535825.09,0.407417,218304.32,95797.88,110597.25,0.5359,0.1217,0.0176,0.6159,0.4855
2025-04-01,STORE_146,Central,Strip/Outlet Tier 3,Normal,218304.32,535825.09,58543.61,153433.19,192283.89,30398.09,2319.29,464257.01,0.401661,186473.77,90374.16,101909.73,0.53,0.1581,0.0121,0.6184,0.5035
2025-05-01,STORE_146,Central,Strip/Outlet Tier 3,Normal,186473.77,464257.01,92025.53,219073.15,172260.17,21628.59,2310.13,487131.27,0.407562,198536.12,79963.18,92296.99,0.5358,0.1256,0.0134,0.5799,0.4795
2025-06-01,STORE_146,Central,Strip/Outlet Tier 3,Normal,198536.12,487131.27,80215.69,193451.2,171973.8,22716.6,4008.17,481883.9,0.409578,197369.19,81382.62,90591.18,0.5268,0.1321,0.0233,0.5853,0.4576
2025-07-01,STORE_146,Central,Strip/Outlet Tier 3,Normal,197369.19,481883.9,100116.94,231074.35,171814.69,40876.1,3967.24,496300.22,0.417256,207084.26,90401.87,81412.82,0.4738,0.2379,0.0231,0.5667,0.4026
2025-08-01,STORE_146,Central,Strip/Outlet Tier 3,Normal,207084.26,496300.22,79832.0,184380.35,176737.07,23083.79,3287.11,477572.6,0.421514,201303.45,85612.81,91124.26,0.5156,0.1306,0.0186,0.567,0.4463
2025-09-01,STORE_146,Central,Strip/Outlet Tier 3,Normal,201303.45,477572.6,77061.1,185170.89,170918.45,23290.75,2584.62,465949.67,0.420019,195707.5,82657.05,88261.4,0.5164,0.1363,0.0151,0.5838,0.4446
2025-10-01,STORE_146,Central,Strip/Outlet Tier 3,Normal,195707.5,465949.67,167223.98,379456.0,166705.42,27816.8,2905.81,647977.64,0.429299,278175.9,84755.58,81949.84,0.4916,0.1669,0.0174,0.5593,0.3459
2025-11-01,STORE_146,Central,Strip/Outlet Tier 3,Normal,278175.9,647977.64,120224.44,297697.94,231360.03,31243.09,4827.36,678245.1,0.421286,285735.49,112664.85,118695.18,0.513,0.135,0.0209,0.5962,0.421
2025-12-01,STORE_146,Central,Strip/Outlet Tier 3,Normal,285735.49,678245.1,55526.7,145797.13,242995.21,38610.23,5163.31,537273.48,0.414132,222502.1,118760.09,124235.12,0.5113,0.1589,0.0212,0.6192,0.4889
2026-01-01,STORE_146,Central,Strip/Outlet Tier 3,Normal,222502.1,537273.48,31234.58,77701.67,129502.78,24449.51,3220.68,457802.18,0.412597,188887.64,64849.04,64653.74,0.4992,0.1888,0.0249,0.598,0.3143
2026-02-01,STORE_146,Central,Strip/Outlet Tier 3,Normal,188887.64,457802.18,102518.77,257517.1,135132.66,29218.01,2351.41,548617.2,0.407379,223495.4,67911.01,67221.65,0.4974,0.2162,0.0174,0.6019,0.326
2026-03-01,STORE_146,Central,Strip/Outlet Tier 3,Normal,223495.4,548617.2,85053.38,197507.57,193890.11,26394.19,2543.42,523297.05,0.413535,216401.7,92147.08,101743.03,0.5247,0.1361,0.0131,0.5694,0.4626
2026-04-01,STORE_146,Central,Strip/Outlet Tier 3,Normal,216401.7,523297.05,75063.24,183388.25,196855.13,26162.0,4577.07,479091.1,0.41244,197596.1,93868.84,102986.29,0.5232,0.1329,0.0233,0.5907,0.4975
2026-05-01,STORE_146,Central,Strip/Outlet Tier 3,Normal,197596.1,479091.1,73301.39,184120.45,165451.46,27717.08,2506.58,467536.43,0.408463,190971.41,79926.08,85525.38,0.5169,0.1675,0.0151,0.6019,0.4402
2026-06-01,STORE_146,Central,Strip/Outlet Tier 3,Normal,190971.41,467536.43,94842.4,211329.37,164786.04,21032.54,3295.61,489751.61,0.421017,206193.59,79620.22,85165.82,0.5168,0.1276,0.02,0.5512,0.4289
2026-07-01,STORE_146,Central,Strip/Outlet Tier 3,Normal,206193.59,489751.61,80005.7,180130.18,169426.35,37553.86,2123.73,460777.85,0.427238,196862.04,89337.25,80089.1,0.4727,0.2217,0.0125,0.5558,0.3974
2026-08-01,STORE_146,Central,Strip/Outlet Tier 3,Normal,196862.04,460777.85,102291.41,237409.73,167088.82,26549.27,4082.92,500466.57,0.428471,214435.64,84717.81,82371.01,0.493,0.1589,0.0244,0.5691,0.4005
2026-09-01,STORE_146,Central,Strip/Outlet Tier 3,Normal,214435.64,500466.57,55843.58,128480.65,154605.59,25124.77,2003.2,447213.66,0.429733,192182.36,78096.86,76508.73,0.4949,0.1625,0.013,0.5654,0.3763
2026-10-01,STORE_146,Central,Strip/Outlet Tier 3,Normal,192182.36,447213.66,153734.86,363303.23,172391.17,26225.81,4580.85,607319.06,0.426786,259195.24,86721.98,85669.19,0.4969,0.1521,0.0266,0.5768,0.3796
2024-11-01,STORE_147,SouthEast,Strip/Outlet Tier 3,Discount-Addicted,537844.38,1229295.69,282318.08,636579.19,345852.13,137167.64,6136.65,1376718.46,0.439559,605149.25,215013.21,130838.92,0.3783,0.3966,0.0177,0.5565,0.2289
2024-12-01,STORE_147,SouthEast,Strip/Outlet Tier 3,Discount-Addicted,605149.25,1376718.46,99643.51,231401.01,385668.35,167479.25,9742.78,1045229.09,0.438271,458094.01,246698.75,138969.6,0.3603,0.4343,0.0253,0.5694,0.2614
2025-01-01,STORE_147,SouthEast,Strip/Outlet Tier 3,Discount-Addicted,458094.01,1045229.09,58017.7,123979.58,206632.64,96043.85,5456.69,861075.49,0.44142,380095.66,136016.05,70616.59,0.3417,0.4648,0.0264,0.532,0.1685
2025-02-01,STORE_147,SouthEast,Strip/Outlet Tier 3,Discount-Addicted,380095.66,861075.49,213865.85,490317.59,204568.31,89640.67,3745.32,1053438.78,0.439518,463005.25,130956.26,73612.05,0.3598,0.4382,0.0183,0.5638,0.1746
2025-03-01,STORE_147,SouthEast,Strip/Outlet Tier 3,Discount-Addicted,463005.25,1053438.78,182194.32,406948.98,309775.0,127889.13,3740.85,1018982.78,0.4418,450186.77,195012.8,114762.2,0.3705,0.4128,0.0121,0.5523,0.2513
2025-04-01,STORE_147,SouthEast,Strip/Outlet Tier 3,Discount-Addicted,450186.77,1018982.78,117547.38,254758.43,302402.8,131467.53,5107.77,834763.11,0.445722,372072.07,195662.08,106740.72,0.353,0.4347,0.0169,0.5386,0.2596
2025-05-01,STORE_147,SouthEast,Strip/Outlet Tier 3,Discount-Addicted,372072.07,834763.11,192198.34,417855.44,255892.52,103258.97,5887.11,887579.95,0.450473,399830.5,164439.91,91452.61,0.3574,0.4035,0.023,0.54,0.237
2025-06-01,STORE_147,SouthEast,Strip/Outlet Tier 3,Discount-Addicted,399830.5,887579.95,186989.49,430325.23,265431.85,104695.79,7025.77,940751.77,0.445267,418885.94,167934.05,97497.8,0.3673,0.3944,0.0265,0.5655,0.2382
2025-07-01,STORE_147,SouthEast,Strip/Outlet Tier 3,Discount-Addicted,418885.94,940751.77,134967.78,312167.43,260236.72,114853.84,4621.77,873206.87,0.442051,386001.65,167852.07,92384.65,0.355,0.4413,0.0178,0.5676,0.2296
2025-08-01,STORE_147,SouthEast,Strip/Outlet Tier 3,Discount-Addicted,386001.65,873206.87,178659.41,397384.29,265647.69,117664.09,6206.18,881073.2,0.444408,391556.11,173104.95,92542.74,0.3484,0.4429,0.0234,0.5504,0.238
2025-09-01,STORE_147,SouthEast,Strip/Outlet Tier 3,Discount-Addicted,391556.11,881073.2,174517.79,371760.83,286319.87,104546.72,6353.97,855613.47,0.451835,386595.86,179478.04,106841.83,0.3732,0.3651,0.0222,0.5306,0.2746
2025-10-01,STORE_147,SouthEast,Strip/Outlet Tier 3,Discount-Addicted,386595.86,855613.47,370752.9,816517.52,262677.84,121006.73,7179.94,1281266.48,0.452924,580316.72,177032.04,85645.8,0.326,0.4607,0.0273,0.5459,0.1772
2025-11-01,STORE_147,SouthEast,Strip/Outlet Tier 3,Discount-Addicted,580316.72,1281266.48,262269.48,606944.63,374270.1,178429.64,9092.17,1326419.2,0.446235,591894.89,250691.31,123578.79,0.3302,0.4767,0.0243,0.5679,0.2108
2025-12-01,STORE_147,SouthEast,Strip/Outlet Tier 3,Discount-Addicted,591894.89,1326419.2,105736.72,227592.96,379321.6,140831.63,9795.38,1024063.55,0.448923,459725.56,237906.05,141415.55,0.3728,0.3713,0.0258,0.5354,0.2689
2026-01-01,STORE_147,SouthEast,Strip/Outlet Tier 3,Discount-Addicted,459725.56,1024063.55,55802.55,118991.9,198319.83,94052.92,4154.63,846528.07,0.451009,381791.64,133736.47,64583.36,0.3257,0.4742,0.0209,0.531,0.1535
2026-02-01,STORE_147,SouthEast,Strip/Outlet Tier 3,Discount-Addicted,381791.64,846528.07,217923.59,505197.82,203973.32,86782.28,5108.61,1055861.68,0.443666,468450.25,131264.98,72708.34,0.3565,0.4255,0.025,0.5686,0.171
2026-03-01,STORE_147,SouthEast,Strip/Outlet Tier 3,Discount-Addicted,468450.25,1055861.68,190711.16,431859.01,311171.73,125517.53,3745.31,1047286.12,0.443068,464018.95,195142.46,116029.27,0.3729,0.4034,0.012,0.5584,0.2489
2026-04-01,STORE_147,SouthEast,Strip/Outlet Tier 3,Discount-Addicted,464018.95,1047286.12,127330.59,276685.03,301768.19,115708.33,4894.09,901600.54,0.446648,402698.4,188651.14,113117.05,0.3748,0.3834,0.0162,0.5398,0.261
2026-05-01,STORE_147,SouthEast,Strip/Outlet Tier 3,Discount-Addicted,402698.4,901600.54,170979.43,375443.42,260668.29,116660.39,7140.71,892574.57,0.449223,400965.24,172712.59,87955.7,0.3374,0.4475,0.0274,0.5446,0.2189
2026-06-01,STORE_147,SouthEast,Strip/Outlet Tier 3,Discount-Addicted,400965.24,892574.57,178721.36,382979.85,258318.36,93028.46,6679.48,917528.12,0.454459,416978.49,162708.11,95610.25,0.3701,0.3601,0.0259,0.5333,0.2338
2026-07-01,STORE_147,SouthEast,Strip/Outlet Tier 3,Discount-Addicted,416978.49,917528.12,205908.32,446048.72,281709.64,115296.58,7167.89,959402.73,0.456804,438258.62,184628.19,97081.45,0.3446,0.4093,0.0254,0.5384,0.227
2026-08-01,STORE_147,SouthEast,Strip/Outlet Tier 3,Discount-Addicted,438258.62,959402.73,135007.48,311331.77,261061.71,111200.18,6023.98,892448.63,0.45113,402610.1,170656.0,90405.71,0.3463,0.426,0.0231,0.5664,0.215
2026-09-01,STORE_147,SouthEast,Strip/Outlet Tier 3,Discount-Addicted,402610.1,892448.63,156139.7,359171.46,254262.51,109495.18,5399.06,882463.34,0.446421,393950.38,164799.42,89463.09,0.3519,0.4306,0.0212,0.5653,0.2246
2026-10-01,STORE_147,SouthEast,Strip/Outlet Tier 3,Discount-Addicted,393950.38,882463.34,342273.64,736230.48,255599.82,108704.84,6158.68,1248230.48,0.454826,567727.66,168496.36,87103.46,0.3408,0.4253,0.0241,0.5351,0.1811
2024-11-01,STORE_148,West,Strip/Outlet Tier 3,Normal,205883.42,508323.44,114880.28,276292.73,189966.1,28878.01,2969.82,562802.24,0.408816,230082.6,90681.1,99285.0,0.5226,0.152,0.0156,0.5842,0.4555
2024-12-01,STORE_148,West,Strip/Outlet Tier 3,Normal,230082.6,562802.24,51606.86,116070.52,193450.86,34571.08,5382.79,445468.03,0.414937,184841.19,96848.27,96602.59,0.4994,0.1787,0.0278,0.5554,0.4656
2025-01-01,STORE_148,West,Strip/Outlet Tier 3,Normal,184841.19,445468.03,27776.84,62721.92,104536.53,23951.38,2825.96,376876.08,0.418383,157678.54,54939.49,49597.04,0.4744,0.2291,0.027,0.5571,0.2896
2025-02-01,STORE_148,West,Strip/Outlet Tier 3,Normal,157678.54,376876.08,82666.04,185942.59,105775.89,20718.62,2945.18,433378.98,0.427037,185069.0,55275.58,50500.31,0.4774,0.1959,0.0278,0.5554,0.2947
2025-03-01,STORE_148,West,Strip/Outlet Tier 3,Normal,185069.0,433378.98,70360.15,176253.05,149740.3,26338.31,2273.78,431279.64,0.418989,180701.45,74727.7,75012.6,0.501,0.1759,0.0152,0.6008,0.4102
2025-04-01,STORE_148,West,Strip/Outlet Tier 3,Normal,180701.45,431279.64,49872.27,116174.98,153049.79,20753.18,3893.33,369758.32,0.421174,155732.64,74841.08,78208.71,0.511,0.1356,0.0254,0.5707,0.4649
2025-05-01,STORE_148,West,Strip/Outlet Tier 3,Normal,155732.64,369758.32,69181.92,162145.9,129920.27,21263.44,1822.76,378897.75,0.422848,160216.1,64698.46,65221.81,0.502,0.1637,0.014,0.5733,0.4129
2025-06-01,STORE_148,West,Strip/Outlet Tier 3,Normal,160216.1,378897.75,53070.68,138239.77,122923.17,17525.94,2613.34,374075.07,0.412437,154282.5,59004.28,63918.89,0.52,0.1426,0.0213,0.6161,0.4065
2025-07-01,STORE_148,West,Strip/Outlet Tier 3,Normal,154282.5,374075.07,71440.56,184695.42,139221.6,30894.79,3026.76,385627.34,0.403964,155779.49,69943.57,69278.03,0.4976,0.2219,0.0217,0.6132,0.4469
2025-08-01,STORE_148,West,Strip/Outlet Tier 3,Normal,155779.49,385627.34,50140.99,126582.05,142243.07,19274.58,2661.43,348030.31,0.402024,139916.55,66003.93,76239.14,0.536,0.1355,0.0187,0.6039,0.5157
2025-09-01,STORE_148,West,Strip/Outlet Tier 3,Normal,139916.55,348030.31,67359.17,164631.8,130651.42,17710.78,2160.2,362139.71,0.404313,146417.63,60858.09,69793.33,0.5342,0.1356,0.0165,0.5908,0.4875
2025-10-01,STORE_148,West,Strip/Outlet Tier 3,Normal,146417.63,362139.71,125293.92,305736.3,128854.62,21851.36,1737.42,515432.61,0.406829,209693.1,62018.45,66836.17,0.5187,0.1696,0.0135,0.5902,0.3754
2025-11-01,STORE_148,West,Strip/Outlet Tier 3,Normal,209693.1,515432.61,89979.73,211286.58,178189.7,31792.25,4622.53,512114.71,0.412364,211177.67,88495.16,89694.54,0.5034,0.1784,0.0259,0.5741,0.4262
2025-12-01,STORE_148,West,Strip/Outlet Tier 3,Normal,211177.67,512114.71,47032.88,117046.36,195077.27,26130.75,3034.92,404918.13,0.410405,166180.23,92030.32,103046.95,0.5282,0.134,0.0156,0.5982,0.5461
2026-01-01,STORE_148,West,Strip/Outlet Tier 3,Normal,166180.23,404918.13,27621.34,67005.52,111675.86,22734.03,3063.81,334449.95,0.410663,137346.21,56455.36,55220.5,0.4945,0.2036,0.0274,0.5878,0.3639
2026-02-01,STORE_148,West,Strip/Outlet Tier 3,Normal,137346.21,334449.95,93069.56,215352.33,102589.77,22316.38,2169.43,422726.7,0.419088,177159.87,53255.9,49333.87,0.4809,0.2175,0.0211,0.5678,0.3137
2026-03-01,STORE_148,West,Strip/Outlet Tier 3,Normal,177159.87,422726.7,76664.27,182068.54,154209.37,18819.15,2835.22,428931.5,0.419686,180016.58,73807.56,80401.81,0.5214,0.122,0.0184,0.5789,0.4502
2026-04-01,STORE_148,West,Strip/Outlet Tier 3,Normal,180016.58,428931.5,45252.37,117014.21,151074.39,24188.17,3867.64,366815.51,0.412622,151355.97,73912.98,77161.41,0.5108,0.1601,0.0256,0.6133,0.4657
2026-05-01,STORE_148,West,Strip/Outlet Tier 3,Normal,151355.97,366815.51,67508.61,156320.69,135218.31,19860.44,2061.17,365996.28,0.41837,153121.93,65742.65,69475.66,0.5138,0.1469,0.0152,0.5681,0.4564
2026-06-01,STORE_148,West,Strip/Outlet Tier 3,Normal,153121.93,365996.28,64378.42,168206.48,130419.32,18550.49,2395.04,382837.91,0.407149,155872.24,61628.11,68791.21,0.5275,0.1422,0.0184,0.6173,0.4453
2026-07-01,STORE_148,West,Strip/Outlet Tier 3,Normal,155872.24,382837.91,59011.5,151170.22,140850.66,30996.7,3058.46,359102.31,0.402398,144502.01,70381.73,70468.93,0.5003,0.2201,0.0217,0.6096,0.4692
2026-08-01,STORE_148,West,Strip/Outlet Tier 3,Normal,144502.01,359102.31,66404.45,172238.27,140342.5,23678.31,2381.51,364938.26,0.396933,144855.94,66050.52,74291.98,0.5294,0.1687,0.017,0.6145,0.5135
2026-09-01,STORE_148,West,Strip/Outlet Tier 3,Normal,144855.94,364938.26,72869.81,167964.8,128272.22,20765.45,1873.49,381991.9,0.408565,156068.67,61657.08,66615.14,0.5193,0.1619,0.0146,0.5662,0.4427
2026-10-01,STORE_148,West,Strip/Outlet Tier 3,Normal,156068.67,381991.9,117564.92,284250.25,126649.68,19817.06,3330.86,516444.55,0.410712,212109.93,61523.66,65126.02,0.5142,0.1565,0.0263,0.5864,0.3538
2024-11-01,STORE_149,NorthEast,Strip/Outlet Tier 3,Normal,272002.63,655562.25,132691.89,302141.0,216551.31,38909.05,3861.71,698381.18,0.422568,295113.37,109581.15,106970.16,0.494,0.1797,0.0178,0.5608,0.3772
2024-12-01,STORE_149,NorthEast,Strip/Outlet Tier 3,Normal,295113.37,698381.18,53343.56,136197.04,226995.06,27951.75,4157.3,575474.11,0.417525,240274.59,108182.34,118812.72,0.5234,0.1231,0.0183,0.6083,0.4438
2025-01-01,STORE_149,NorthEast,Strip/Outlet Tier 3,Normal,240274.59,575474.11,33779.89,79607.57,132679.28,29986.96,2121.81,490293.63,0.418352,205115.13,68939.35,63739.93,0.4804,0.226,0.016,0.5757,0.2862
2025-02-01,STORE_149,NorthEast,Strip/Outlet Tier 3,Normal,205115.13,490293.63,110090.69,252283.19,124809.48,29502.36,2827.52,585437.46,0.424476,248503.98,66701.84,58107.64,0.4656,0.2364,0.0227,0.5636,0.2562
2025-03-01,STORE_149,NorthEast,Strip/Outlet Tier 3,Normal,248503.98,585437.46,91039.72,211074.1,191188.5,28535.08,2774.42,574013.56,0.426288,244695.37,94848.33,96340.17,0.5039,0.1493,0.0145,0.5687,0.3907
2025-04-01,STORE_149,NorthEast,Strip/Outlet Tier 3,Normal,244695.37,574013.56,46023.29,112670.87,187784.78,30956.7,5034.73,462908.22,0.423366,195979.48,94739.18,93045.6,0.4955,0.1649,0.0268,0.5915,0.4223
2025-05-01,STORE_149,NorthEast,Strip/Outlet Tier 3,Normal,195979.48,462908.22,84708.63,199059.2,156120.41,19724.64,2292.28,483830.09,0.424021,205154.14,75533.97,80586.44,0.5162,0.1263,0.0147,0.5745,0.4018
2025-06-01,STORE_149,NorthEast,Strip/Outlet Tier 3,Normal,205154.14,483830.09,81549.17,193728.45,159410.54,28207.35,3083.95,486856.7,0.423142,206009.4,80693.91,78716.63,0.4938,0.1769,0.0193,0.5791,0.3829
2025-07-01,STORE_149,NorthEast,Strip/Outlet Tier 3,Normal,206009.4,486856.7,87981.2,202414.86,164623.96,29656.1,2882.88,492108.62,0.426524,209895.95,84094.65,80529.31,0.4892,0.1801,0.0175,0.5653,0.3872
2025-08-01,STORE_149,NorthEast,Strip/Outlet Tier 3,Normal,209895.95,492108.62,63487.76,166165.05,165079.4,20992.48,3808.06,468393.73,0.415304,194525.81,78857.9,86221.5,0.5223,0.1272,0.0231,0.6179,0.4264
2025-09-01,STORE_149,NorthEast,Strip/Outlet Tier 3,Normal,194525.81,468393.73,69576.26,180395.23,166343.04,20271.47,2816.67,459357.78,0.407069,186990.45,77111.62,89231.42,0.5364,0.1219,0.0169,0.6143,0.4678
2025-10-01,STORE_149,NorthEast,Strip/Outlet Tier 3,Normal,186990.45,459357.78,137347.85,357399.74,155858.52,22711.06,1961.43,636226.51,0.397105,252648.58,71689.72,84168.8,0.54,0.1457,0.0126,0.6157,0.3829
2025-11-01,STORE_149,NorthEast,Strip/Outlet Tier 3,Normal,252648.58,636226.51,146816.96,336291.89,220233.33,35669.46,4644.35,711971.26,0.410754,292444.84,107020.7,113212.63,0.5141,0.162,0.0211,0.5634,0.4154
2025-12-01,STORE_149,NorthEast,Strip/Outlet Tier 3,Normal,292444.84,711971.26,60497.82,136769.76,227949.6,35349.35,3511.17,581930.9,0.415843,241991.65,110951.01,116998.59,0.5133,0.1551,0.0154,0.5577,0.4378
2026-01-01,STORE_149,NorthEast,Strip/Outlet Tier 3,Normal,241991.65,581930.9,30858.05,78767.5,131279.16,24919.7,2765.31,501734.23,0.412972,207202.01,65647.69,65631.47,0.4999,0.1898,0.0211,0.6082,0.2922
2026-02-01,STORE_149,NorthEast,Strip/Outlet Tier 3,Normal,207202.01,501734.23,81999.35,211221.48,126139.32,23771.25,1560.41,561484.73,0.405637,227759.1,61442.26,64697.06,0.5129,0.1885,0.0124,0.6118,0.2975
2026-03-01,STORE_149,NorthEast,Strip/Outlet Tier 3,Normal,227759.1,561484.73,77340.61,199685.48,193993.7,29395.38,4798.99,532982.14,0.40083,213635.13,91464.58,102529.12,0.5285,0.1515,0.0247,0.6127,0.4646
2026-04-01,STORE_149,NorthEast,Strip/Outlet Tier 3,Normal,213635.13,532982.14,57128.18,149823.91,181621.1,31613.06,3587.72,465984.17,0.396545,184783.68,85979.63,95641.47,0.5266,0.1741,0.0198,0.6187,0.4801
2026-05-01,STORE_149,NorthEast,Strip/Outlet Tier 3,Normal,184783.68,465984.17,77521.97,177973.03,152828.93,21405.15,2120.16,467602.96,0.407334,190470.58,71835.07,80993.86,0.53,0.1401,0.0139,0.5644,0.4317
2026-06-01,STORE_149,NorthEast,Strip/Outlet Tier 3,Normal,190470.58,467602.96,89491.37,212875.86,156098.71,24130.81,3679.34,496569.96,0.411419,204298.34,75663.61,80435.1,0.5153,0.1546,0.0236,0.5796,0.4075
2026-07-01,STORE_149,NorthEast,Strip/Outlet Tier 3,Normal,204298.34,496569.96,69157.19,181103.66,166786.13,31105.51,2835.73,476946.25,0.403521,192457.82,80997.71,85788.42,0.5144,0.1865,0.017,0.6181,0.4324
2026-08-01,STORE_149,NorthEast,Strip/Outlet Tier 3,Normal,192457.82,476946.25,70560.81,176005.16,161104.23,24803.0,3657.91,463386.27,0.402815,186658.95,76359.68,84744.55,0.526,0.154,0.0227,0.5991,0.4471
2026-09-01,STORE_149,NorthEast,Strip/Outlet Tier 3,Normal,186658.95,463386.27,92257.83,222450.17,157282.92,24039.07,3791.78,500722.67,0.406681,203634.49,75282.29,82000.63,0.5214,0.1528,0.0241,0.5853,0.4202
2026-10-01,STORE_149,NorthEast,Strip/Outlet Tier 3,Normal,203634.49,500722.67,134004.29,334910.51,145757.79,24787.27,3923.6,661164.52,0.404051,267144.47,70494.31,75263.48,0.5164,0.1701,0.0269,0.5999,0.3197
2024-11-01,STORE_150,Central,Strip/Outlet Tier 3,Normal,223258.09,522558.13,89017.53,231828.61,172387.71,27274.94,2880.61,551843.48,0.413946,228433.58,83842.04,88545.67,0.5136,0.1582,0.0167,0.616,0.3921
2024-12-01,STORE_150,Central,Strip/Outlet Tier 3,Normal,228433.58,551843.48,40690.82,106428.15,177380.25,22281.05,2923.62,455686.71,0.408835,186300.62,82823.78,94556.47,0.5331,0.1256,0.0165,0.6177,0.456
2025-01-01,STORE_150,Central,Strip/Outlet Tier 3,Normal,186300.62,455686.71,26334.85,58593.88,97656.47,22207.31,1537.49,392879.32,0.413462,162440.66,50194.81,47461.66,0.486,0.2274,0.0157,0.5506,0.2722
2025-02-01,STORE_150,Central,Strip/Outlet Tier 3,Normal,162440.66,392879.32,64396.74,163403.19,93277.48,20401.36,2258.17,440345.5,0.407774,179561.33,47276.07,46001.41,0.4932,0.2187,0.0242,0.6059,0.269
2025-03-01,STORE_150,Central,Strip/Outlet Tier 3,Normal,179561.33,440345.5,63401.28,162759.51,145131.98,24069.88,2456.31,431446.84,0.402853,173809.62,69152.99,75978.99,0.5235,0.1658,0.0169,0.6105,0.43
2025-04-01,STORE_150,Central,Strip/Outlet Tier 3,Normal,173809.62,431446.84,56504.74,127367.77,136179.32,21898.02,1874.73,398862.54,0.412148,164390.42,65923.94,70255.38,0.5159,0.1608,0.0138,0.5564,0.4155
2025-05-01,STORE_150,Central,Strip/Outlet Tier 3,Normal,164390.42,398862.54,54052.93,133761.54,114118.12,15048.91,1513.55,401943.5,0.410127,164847.76,53595.59,60522.53,0.5303,0.1319,0.0133,0.5959,0.3677
2025-06-01,STORE_150,Central,Strip/Outlet Tier 3,Normal,164847.76,401943.5,59219.64,142786.49,117602.63,18737.77,2650.1,405739.49,0.411337,166895.52,57171.88,60430.75,0.5139,0.1593,0.0225,0.5853,0.3643
2025-07-01,STORE_150,Central,Strip/Outlet Tier 3,Normal,166895.52,405739.49,63375.75,150591.99,125112.83,26442.44,2223.67,402552.54,0.41391,166620.6,63650.67,61462.16,0.4913,0.2113,0.0178,0.5792,0.3686
2025-08-01,STORE_150,Central,Strip/Outlet Tier 3,Normal,166620.6,402552.54,41191.08,104745.11,124048.44,16610.65,3063.66,363574.9,0.409644,148936.45,58875.23,65173.21,0.5254,0.1339,0.0247,0.6067,0.4131
2025-09-01,STORE_150,Central,Strip/Outlet Tier 3,Normal,148936.45,363574.9,65593.18,170787.76,117635.53,19953.02,2448.05,394326.06,0.401468,158309.38,56220.25,61415.28,0.5221,0.1696,0.0208,0.6159,0.3998
2025-10-01,STORE_150,Central,Strip/Outlet Tier 3,Normal,158309.38,394326.06,112136.08,289109.42,118514.76,19261.73,1814.75,543844.24,0.395715,215207.16,55238.3,63276.46,0.5339,0.1625,0.0153,0.6121,0.3388
2025-11-01,STORE_150,Central,Strip/Outlet Tier 3,Normal,215207.16,543844.24,81243.41,181055.89,168982.94,21895.36,4499.89,529521.94,0.408954,216549.94,79900.63,89082.31,0.5272,0.1296,0.0266,0.5513,0.4127
2025-12-01,STORE_150,Central,Strip/Outlet Tier 3,Normal,216549.94,529521.94,46730.87,107878.18,179796.96,28034.72,4116.87,425451.57,0.413054,175734.57,87546.24,92250.72,0.5131,0.1559,0.0229,0.5668,0.4703
2026-01-01,STORE_150,Central,Strip/Outlet Tier 3,Normal,175734.57,425451.57,23776.31,56286.21,93810.35,18507.15,1919.46,367500.82,0.414148,152199.84,47311.04,46499.31,0.4957,0.1973,0.0205,0.5776,0.2836
2026-02-01,STORE_150,Central,Strip/Outlet Tier 3,Normal,152199.84,367500.82,77381.65,182330.95,93797.22,17799.77,1951.71,436283.07,0.417549,182169.39,47412.1,46385.12,0.4945,0.1898,0.0208,0.5756,0.2774
2026-03-01,STORE_150,Central,Strip/Outlet Tier 3,Normal,182169.39,436283.07,73945.39,185987.22,146546.56,18783.06,3714.08,453226.59,0.411581,186539.56,69575.22,76971.34,0.5252,0.1282,0.0253,0.6024,0.4175
2026-04-01,STORE_150,Central,Strip/Outlet Tier 3,Normal,186539.56,453226.59,43220.41,99619.95,138420.89,16926.27,2097.11,395402.27,0.415594,164327.0,65432.97,72987.92,0.5273,0.1223,0.0152,0.5661,0.416
2026-05-01,STORE_150,Central,Strip/Outlet Tier 3,Normal,164327.0,395402.27,38346.81,89593.14,121743.38,15428.69,1961.67,345861.67,0.417888,144531.48,58142.33,63601.05,0.5224,0.1267,0.0161,0.572,0.4118
2026-06-01,STORE_150,Central,Strip/Outlet Tier 3,Normal,144531.48,345861.67,83846.54,207702.63,128536.83,19313.72,3076.53,402637.22,0.412559,166111.67,62266.35,66270.48,0.5156,0.1503,0.0239,0.5963,0.4267
2026-07-01,STORE_150,Central,Strip/Outlet Tier 3,Normal,166111.67,402637.22,56927.77,141413.37,127641.02,29095.75,2982.09,384331.73,0.409961,157560.96,65478.48,62162.54,0.487,0.2279,0.0234,0.5974,0.3841
2026-08-01,STORE_150,Central,Strip/Outlet Tier 3,Normal,157560.96,384331.73,61818.59,142864.25,124579.11,21486.74,2102.32,379027.81,0.416125,157723.04,61656.51,62922.6,0.5051,0.1725,0.0169,0.5673,0.3991
2026-09-01,STORE_150,Central,Strip/Outlet Tier 3,Normal,157723.04,379027.81,60753.62,149622.22,116032.57,20176.17,2237.55,390203.74,0.413273,161260.58,57216.08,58816.49,0.5069,0.1739,0.0193,0.594,0.3688
2026-10-01,STORE_150,Central,Strip/Outlet Tier 3,Normal,161260.58,390203.74,110908.61,256852.37,122076.45,17580.52,3322.07,504077.07,0.420627,212028.36,60140.83,61935.62,0.5074,0.144,0.0272,0.5682,0.3318
